{
  "commit": "0179e2058c34340c5a400bb25cf2c878d3cf365f",
  "parentCommit": "8ccbde6e84a952fa0850b3b1f01a536611303c74",
  "branch": "goal-goal-profile-si-320532b0-coder-51f8eddc",
  "timestamp": "2026-05-13T20:55:26.861Z",
  "seededSessions": 10,
  "spans": {
    "paint.first": {
      "p50": 16.200000000186265,
      "p95": 22.90000000037253,
      "p99": 23.799999999813735,
      "n": 27,
      "mean": 16.059259259279955,
      "max": 24.40000000037253
    },
    "api.goal.fetch": {
      "p50": 13.599999999627471,
      "p95": 13.599999999627471,
      "p99": 13.599999999627471,
      "n": 1,
      "mean": 13.599999999627471,
      "max": 13.599999999627471
    },
    "api.goal.gates.fetch": {
      "p50": 12.399999999441206,
      "p95": 14.099999999627471,
      "p99": 14.099999999627471,
      "n": 6,
      "mean": 10.73333333308498,
      "max": 18.799999999813735
    },
    "ws.attach": {
      "p50": 11.200000000186265,
      "p95": 11.200000000186265,
      "p99": 11.200000000186265,
      "n": 1,
      "mean": 11.200000000186265,
      "max": 11.200000000186265
    },
    "api.goal.agents.fetch": {
      "p50": 2.3999999994412065,
      "p95": 3.5,
      "p99": 3.5,
      "n": 4,
      "mean": 5.249999999767169,
      "max": 13.400000000372529
    },
    "api.session.fetch": {
      "p50": 1.5,
      "p95": 1.5,
      "p99": 1.5,
      "n": 2,
      "mean": 5.850000000093132,
      "max": 10.200000000186265
    },
    "reducer.rehydrate": {
      "p50": 0,
      "p95": 0,
      "p99": 0,
      "n": 1,
      "mean": 0,
      "max": 0
    }
  }
}