{
  "commit": "294bd68da3c80b2e4609abbb05dd14b5f4ed2638",
  "parentCommit": "5309f93c5ee84ddbd730d77dcc44415fae7cca82",
  "branch": "goal-goal-profile-si-320532b0-coder-36405049",
  "timestamp": "2026-05-14T06:18:58.852Z",
  "seededSessions": 32,
  "fixtureSize": "medium",
  "msgsPerSession": 50,
  "spans": {
    "nav.goal.cold": {
      "p50": 1738.7999999970198,
      "p95": 1738.7999999970198,
      "p99": 1738.7999999970198,
      "n": 1,
      "mean": 1738.7999999970198,
      "max": 1738.7999999970198
    },
    "nav.session.cold": {
      "p50": 251.19999999552965,
      "p95": 251.19999999552965,
      "p99": 251.19999999552965,
      "n": 1,
      "mean": 251.19999999552965,
      "max": 251.19999999552965
    },
    "rapidnav.keystroke.cached": {
      "p50": 118.10000000149012,
      "p95": 145.39999999850988,
      "p99": 145.39999999850988,
      "n": 20,
      "mean": 119.0050000000745,
      "max": 173
    },
    "rapidnav.keystroke.uncached": {
      "p50": 108.60000000149012,
      "p95": 137.39999999850988,
      "p99": 137.39999999850988,
      "n": 20,
      "mean": 110.44999999925494,
      "max": 142.19999999552965
    },
    "nav.session.ready": {
      "p50": 105.89999999850988,
      "p95": 142.19999999552965,
      "p99": 145.39999999850988,
      "n": 60,
      "mean": 101.14166666641832,
      "max": 173
    },
    "rapidnav.gap": {
      "p50": 65.60000000149012,
      "p95": 89.40000000596046,
      "p99": 89.40000000596046,
      "n": 18,
      "mean": 70.23333333432674,
      "max": 110.89999999850988
    },
    "api.session.fetch": {
      "p50": 44.100000001490116,
      "p95": 169.60000000149012,
      "p99": 173.40000000596046,
      "n": 129,
      "mean": 76.55658914697494,
      "max": 175
    },
    "ws.attach": {
      "p50": 43.899999998509884,
      "p95": 64.30000000447035,
      "p99": 193.19999999552965,
      "n": 51,
      "mean": 47.31764705873587,
      "max": 243.19999999552965
    },
    "nav.goal.ready": {
      "p50": 34.79999999701977,
      "p95": 34.79999999701977,
      "p99": 34.79999999701977,
      "n": 2,
      "mean": 59.599999997764826,
      "max": 84.39999999850988
    },
    "api.goal.gates.fetch": {
      "p50": 28.399999998509884,
      "p95": 255.5,
      "p99": 257.1000000014901,
      "n": 32,
      "mean": 90.96562499995343,
      "max": 275
    },
    "paint.first": {
      "p50": 21.80000000447035,
      "p95": 47.30000000447035,
      "p99": 60.30000000447035,
      "n": 183,
      "mean": 26.342622951080237,
      "max": 80
    },
    "api.goal.fetch": {
      "p50": 17,
      "p95": 17,
      "p99": 17,
      "n": 3,
      "mean": 17.200000000496704,
      "max": 21.899999998509884
    },
    "api.goal.agents.fetch": {
      "p50": 3.899999998509884,
      "p95": 17.099999994039536,
      "p99": 17.099999994039536,
      "n": 8,
      "mean": 9.937499999068677,
      "max": 22
    },
    "rapidnav.stall.ms": {
      "p50": 2.600000001490116,
      "p95": 62.599999994039536,
      "p99": 62.599999994039536,
      "n": 18,
      "mean": 10.344444443782171,
      "max": 63.19999999552965
    },
    "nav.click": {
      "p50": 1.3999999985098839,
      "p95": 2.1999999955296516,
      "p99": 2.899999998509884,
      "n": 62,
      "mean": 1.4532258067159884,
      "max": 3.100000001490116
    },
    "reducer.rehydrate": {
      "p50": 0.19999999552965164,
      "p95": 0.20000000298023224,
      "p99": 0.20000000298023224,
      "n": 47,
      "mean": 0.15106383029450762,
      "max": 0.20000000298023224
    }
  }
}