{
  "commit": "294bd68da3c80b2e4609abbb05dd14b5f4ed2638",
  "parentCommit": "5309f93c5ee84ddbd730d77dcc44415fae7cca82",
  "branch": "goal-goal-profile-si-320532b0-coder-36405049",
  "timestamp": "2026-05-14T06:21:16.070Z",
  "seededSessions": 32,
  "fixtureSize": "large",
  "msgsPerSession": 200,
  "spans": {
    "nav.goal.cold": {
      "p50": 1730.2000000029802,
      "p95": 1730.2000000029802,
      "p99": 1730.2000000029802,
      "n": 1,
      "mean": 1730.2000000029802,
      "max": 1730.2000000029802
    },
    "nav.session.cold": {
      "p50": 298.30000000447035,
      "p95": 298.30000000447035,
      "p99": 298.30000000447035,
      "n": 1,
      "mean": 298.30000000447035,
      "max": 298.30000000447035
    },
    "api.goal.gates.fetch": {
      "p50": 278.09999999403954,
      "p95": 303.5,
      "p99": 303.69999999552965,
      "n": 41,
      "mean": 164.7365853662898,
      "max": 303.80000000447035
    },
    "rapidnav.keystroke.uncached": {
      "p50": 156.10000000149012,
      "p95": 206.69999999552965,
      "p99": 206.69999999552965,
      "n": 20,
      "mean": 147.825,
      "max": 217.20000000298023
    },
    "nav.session.ready": {
      "p50": 115.79999999701977,
      "p95": 196.89999999850988,
      "p99": 206.69999999552965,
      "n": 60,
      "mean": 125.68000000019869,
      "max": 217.20000000298023
    },
    "rapidnav.keystroke.cached": {
      "p50": 110,
      "p95": 196.89999999850988,
      "p99": 196.89999999850988,
      "n": 20,
      "mean": 124.45999999977649,
      "max": 197.39999999850988
    },
    "api.session.fetch": {
      "p50": 45.19999999552965,
      "p95": 177.90000000596046,
      "p99": 185.30000000447035,
      "n": 129,
      "mean": 73.69302325586015,
      "max": 188.60000000149012
    },
    "ws.attach": {
      "p50": 44.900000005960464,
      "p95": 62.80000000447035,
      "p99": 72.5,
      "n": 51,
      "mean": 43.01176470664202,
      "max": 92.60000000149012
    },
    "nav.goal.ready": {
      "p50": 35.5,
      "p95": 35.5,
      "p99": 35.5,
      "n": 2,
      "mean": 57.900000002235174,
      "max": 80.30000000447035
    },
    "rapidnav.gap": {
      "p50": 26.19999999552965,
      "p95": 102.5,
      "p99": 102.5,
      "n": 16,
      "mean": 49.13125000009313,
      "max": 103.70000000298023
    },
    "api.goal.fetch": {
      "p50": 22.399999998509884,
      "p95": 22.399999998509884,
      "p99": 22.399999998509884,
      "n": 3,
      "mean": 28.599999999006588,
      "max": 46.099999994039536
    },
    "paint.first": {
      "p50": 21.899999998509884,
      "p95": 82.20000000298023,
      "p99": 96.39999999850988,
      "n": 187,
      "mean": 30.778074866429687,
      "max": 109
    },
    "api.goal.agents.fetch": {
      "p50": 3.899999998509884,
      "p95": 22.599999994039536,
      "p99": 22.599999994039536,
      "n": 8,
      "mean": 13.187499999068677,
      "max": 45.899999998509884
    },
    "rapidnav.stall.ms": {
      "p50": 3.3000000044703484,
      "p95": 13,
      "p99": 13,
      "n": 20,
      "mean": 8.394999999552965,
      "max": 82.59999999403954
    },
    "nav.click": {
      "p50": 2,
      "p95": 3.5999999940395355,
      "p99": 3.6999999955296516,
      "n": 62,
      "mean": 2.0580645161530664,
      "max": 4.299999997019768
    },
    "reducer.rehydrate": {
      "p50": 0.3999999985098839,
      "p95": 0.6000000014901161,
      "p99": 0.7000000029802322,
      "n": 50,
      "mean": 0.4020000000298023,
      "max": 0.7000000029802322
    }
  }
}