{
  "commit": "52bbf9788ac6c35cc6d82537565d5be945d753d6",
  "parentCommit": "d6585b4726044faa2e168da156506aec36ec2115",
  "branch": "goal-goal-profile-si-320532b0-coder-15ac097c",
  "timestamp": "2026-05-14T06:53:23.916Z",
  "seededSessions": 32,
  "fixtureSize": "medium",
  "msgsPerSession": 50,
  "spans": {
    "nav.goal.cold": {
      "p50": 2033.2999999970198,
      "p95": 2033.2999999970198,
      "p99": 2033.2999999970198,
      "n": 1,
      "mean": 2033.2999999970198,
      "max": 2033.2999999970198
    },
    "nav.session.cold": {
      "p50": 732.5,
      "p95": 732.5,
      "p99": 732.5,
      "n": 1,
      "mean": 732.5,
      "max": 732.5
    },
    "rapidnav.keystroke.uncached": {
      "p50": 212,
      "p95": 251.5,
      "p99": 251.5,
      "n": 20,
      "mean": 212.69000000096858,
      "max": 264.5
    },
    "nav.session.ready": {
      "p50": 199.90000000596046,
      "p95": 251.5,
      "p99": 283.29999999701977,
      "n": 60,
      "mean": 177.51000000052153,
      "max": 403.3999999985099
    },
    "rapidnav.keystroke.cached": {
      "p50": 172.29999999701977,
      "p95": 248.60000000149012,
      "p99": 248.60000000149012,
      "n": 20,
      "mean": 176.56500000059606,
      "max": 403.3999999985099
    },
    "api.session.fetch": {
      "p50": 80.10000000149012,
      "p95": 131.90000000596046,
      "p99": 153.39999999850988,
      "n": 130,
      "mean": 86.32923076915053,
      "max": 155
    },
    "ws.attach": {
      "p50": 72.5,
      "p95": 535.4000000059605,
      "p99": 687.5,
      "n": 51,
      "mean": 131.78431372578237,
      "max": 793.3999999985099
    },
    "api.goal.fetch": {
      "p50": 50.20000000298023,
      "p95": 50.20000000298023,
      "p99": 50.20000000298023,
      "n": 3,
      "mean": 53.033333333830036,
      "max": 81.19999999552965
    },
    "nav.goal.ready": {
      "p50": 43.70000000298023,
      "p95": 43.70000000298023,
      "p99": 43.70000000298023,
      "n": 2,
      "mean": 95.80000000074506,
      "max": 147.89999999850988
    },
    "rapidnav.gap": {
      "p50": 41,
      "p95": 52.100000001490116,
      "p99": 52.100000001490116,
      "n": 15,
      "mean": 32.333333333333336,
      "max": 52.5
    },
    "api.goal.gates.fetch": {
      "p50": 40.70000000298023,
      "p95": 635.8000000044703,
      "p99": 635.8000000044703,
      "n": 11,
      "mean": 156.54545454613188,
      "max": 698.3000000044703
    },
    "paint.first": {
      "p50": 35.69999999552965,
      "p95": 90.39999999850988,
      "p99": 107.89999999850988,
      "n": 201,
      "mean": 42.28656716377878,
      "max": 113.70000000298023
    },
    "api.goal.agents.fetch": {
      "p50": 25.399999998509884,
      "p95": 49.70000000298023,
      "p99": 49.70000000298023,
      "n": 8,
      "mean": 29.299999998882413,
      "max": 80.29999999701977
    },
    "rapidnav.stall.ms": {
      "p50": 7.899999998509884,
      "p95": 104.60000000149012,
      "p99": 104.60000000149012,
      "n": 21,
      "mean": 25.385714285430453,
      "max": 104.80000000447035
    },
    "nav.click": {
      "p50": 2.9000000059604645,
      "p95": 4,
      "p99": 4.5,
      "n": 62,
      "mean": 2.795161290875366,
      "max": 4.5
    },
    "reducer.rehydrate": {
      "p50": 0.29999999701976776,
      "p95": 0.3999999985098839,
      "p99": 0.6000000014901161,
      "n": 45,
      "mean": 0.26444444408019385,
      "max": 0.7000000029802322
    }
  },
  "kind": "experiment",
  "experimentTag": "opt-c",
  "experimentCondition": "off"
}
