{
  "commit": "52bbf9788ac6c35cc6d82537565d5be945d753d6",
  "parentCommit": "d6585b4726044faa2e168da156506aec36ec2115",
  "branch": "goal-goal-profile-si-320532b0-coder-15ac097c",
  "timestamp": "2026-05-14T06:59:58.808Z",
  "seededSessions": 32,
  "fixtureSize": "medium",
  "msgsPerSession": 50,
  "spans": {
    "nav.goal.cold": {
      "p50": 1784.4000000059605,
      "p95": 1784.4000000059605,
      "p99": 1784.4000000059605,
      "n": 1,
      "mean": 1784.4000000059605,
      "max": 1784.4000000059605
    },
    "nav.session.cold": {
      "p50": 612.2999999970198,
      "p95": 612.2999999970198,
      "p99": 612.2999999970198,
      "n": 1,
      "mean": 612.2999999970198,
      "max": 612.2999999970198
    },
    "rapidnav.keystroke.cached": {
      "p50": 161.89999999850988,
      "p95": 196.20000000298023,
      "p99": 196.20000000298023,
      "n": 20,
      "mean": 157.34000000059604,
      "max": 208.39999999850988
    },
    "rapidnav.keystroke.uncached": {
      "p50": 157.5,
      "p95": 202.20000000298023,
      "p99": 202.20000000298023,
      "n": 20,
      "mean": 162.08999999910594,
      "max": 235.10000000149012
    },
    "nav.session.ready": {
      "p50": 153.79999999701977,
      "p95": 202.20000000298023,
      "p99": 208.39999999850988,
      "n": 60,
      "mean": 141.99999999975165,
      "max": 235.10000000149012
    },
    "api.session.fetch": {
      "p50": 70,
      "p95": 311.6000000014901,
      "p99": 323.20000000298023,
      "n": 130,
      "mean": 109.47307692307692,
      "max": 324.8999999985099
    },
    "ws.attach": {
      "p50": 56.30000000447035,
      "p95": 65.39999999850988,
      "p99": 65.89999999850988,
      "n": 51,
      "mean": 53.34705882314958,
      "max": 77.89999999850988
    },
    "rapidnav.gap": {
      "p50": 38.399999998509884,
      "p95": 62,
      "p99": 62,
      "n": 17,
      "mean": 37.788235294029995,
      "max": 64.10000000149012
    },
    "nav.goal.ready": {
      "p50": 29.5,
      "p95": 29.5,
      "p99": 29.5,
      "n": 2,
      "mean": 67.94999999925494,
      "max": 106.39999999850988
    },
    "paint.first": {
      "p50": 29,
      "p95": 67.69999999552965,
      "p99": 77.5,
      "n": 202,
      "mean": 35.01237623751311,
      "max": 107.89999999850988
    },
    "api.goal.gates.fetch": {
      "p50": 22.799999997019768,
      "p95": 42.20000000298023,
      "p99": 42.20000000298023,
      "n": 9,
      "mean": 31.5,
      "max": 70.5
    },
    "api.goal.agents.fetch": {
      "p50": 16.600000001490116,
      "p95": 40.399999998509884,
      "p99": 40.399999998509884,
      "n": 8,
      "mean": 22.362500000745058,
      "max": 70.39999999850988
    },
    "rapidnav.stall.ms": {
      "p50": 5.299999997019768,
      "p95": 73.70000000298023,
      "p99": 73.70000000298023,
      "n": 19,
      "mean": 15.78421052545309,
      "max": 82.10000000149012
    },
    "nav.click": {
      "p50": 2.399999998509884,
      "p95": 3.0999999940395355,
      "p99": 4.0999999940395355,
      "n": 62,
      "mean": 2.3951612906830926,
      "max": 4.100000001490116
    },
    "api.goal.fetch": {
      "p50": 1.7000000029802322,
      "p95": 1.7000000029802322,
      "p99": 1.7000000029802322,
      "n": 3,
      "mean": 24.533333336313564,
      "max": 70.40000000596046
    },
    "reducer.rehydrate": {
      "p50": 0.20000000298023224,
      "p95": 0.3999999985098839,
      "p99": 0.4000000059604645,
      "n": 51,
      "mean": 0.24117647067588918,
      "max": 0.6000000014901161
    }
  },
  "kind": "experiment",
  "experimentTag": "opt-c",
  "experimentCondition": "on"
}
