{
  "commit": "52bbf9788ac6c35cc6d82537565d5be945d753d6",
  "parentCommit": "d6585b4726044faa2e168da156506aec36ec2115",
  "branch": "goal-goal-profile-si-320532b0-coder-15ac097c",
  "timestamp": "2026-05-14T07:04:42.863Z",
  "seededSessions": 32,
  "fixtureSize": "medium",
  "msgsPerSession": 50,
  "spans": {
    "nav.goal.cold": {
      "p50": 1857.8999999985099,
      "p95": 1857.8999999985099,
      "p99": 1857.8999999985099,
      "n": 1,
      "mean": 1857.8999999985099,
      "max": 1857.8999999985099
    },
    "nav.session.cold": {
      "p50": 660.1000000014901,
      "p95": 660.1000000014901,
      "p99": 660.1000000014901,
      "n": 1,
      "mean": 660.1000000014901,
      "max": 660.1000000014901
    },
    "rapidnav.keystroke.uncached": {
      "p50": 180.29999999701977,
      "p95": 235.70000000298023,
      "p99": 235.70000000298023,
      "n": 20,
      "mean": 170.88499999977648,
      "max": 247.29999999701977
    },
    "rapidnav.keystroke.cached": {
      "p50": 173.90000000596046,
      "p95": 210.79999999701977,
      "p99": 210.79999999701977,
      "n": 20,
      "mean": 166.075,
      "max": 231.5
    },
    "nav.session.ready": {
      "p50": 158.69999999552965,
      "p95": 224.29999999701977,
      "p99": 235.70000000298023,
      "n": 60,
      "mean": 150.2933333336065,
      "max": 247.29999999701977
    },
    "api.session.fetch": {
      "p50": 108.20000000298023,
      "p95": 343.1000000014901,
      "p99": 351.80000000447035,
      "n": 130,
      "mean": 150.78076923082654,
      "max": 354.59999999403954
    },
    "ws.attach": {
      "p50": 61.399999998509884,
      "p95": 77.70000000298023,
      "p99": 91.29999999701977,
      "n": 51,
      "mean": 58.88235294117647,
      "max": 102.60000000149012
    },
    "nav.goal.ready": {
      "p50": 52.19999999552965,
      "p95": 52.19999999552965,
      "p99": 52.19999999552965,
      "n": 2,
      "mean": 84.84999999776483,
      "max": 117.5
    },
    "rapidnav.gap": {
      "p50": 32.29999999701977,
      "p95": 67.5,
      "p99": 67.5,
      "n": 14,
      "mean": 36.5214285712157,
      "max": 101.09999999403954
    },
    "paint.first": {
      "p50": 32.100000001490116,
      "p95": 74.39999999850988,
      "p99": 85.89999999850988,
      "n": 206,
      "mean": 37.89902912622806,
      "max": 92.19999999552965
    },
    "api.goal.gates.fetch": {
      "p50": 25.299999997019768,
      "p95": 39.5,
      "p99": 39.5,
      "n": 9,
      "mean": 24.61111111111111,
      "max": 42.399999998509884
    },
    "rapidnav.stall.ms": {
      "p50": 5.699999995529652,
      "p95": 25,
      "p99": 87.5,
      "n": 22,
      "mean": 14.077272727069529,
      "max": 94.19999999552965
    },
    "api.goal.agents.fetch": {
      "p50": 5.299999997019768,
      "p95": 29.399999998509884,
      "p99": 29.399999998509884,
      "n": 8,
      "mean": 16.399999998509884,
      "max": 42.600000001490116
    },
    "api.goal.fetch": {
      "p50": 3,
      "p95": 3,
      "p99": 3,
      "n": 3,
      "mean": 16.133333335320156,
      "max": 42.600000001490116
    },
    "nav.click": {
      "p50": 2.5,
      "p95": 3.399999998509884,
      "p99": 3.600000001490116,
      "n": 62,
      "mean": 2.5161290326185766,
      "max": 3.7000000029802322
    },
    "reducer.rehydrate": {
      "p50": 0.20000000298023224,
      "p95": 0.3999999985098839,
      "p99": 0.4000000059604645,
      "n": 49,
      "mean": 0.24081632646979118,
      "max": 0.5999999940395355
    }
  },
  "kind": "experiment",
  "experimentTag": "opt-c",
  "experimentCondition": "on"
}
