{
  "commit": "52bbf9788ac6c35cc6d82537565d5be945d753d6",
  "parentCommit": "d6585b4726044faa2e168da156506aec36ec2115",
  "branch": "goal-goal-profile-si-320532b0-coder-15ac097c",
  "timestamp": "2026-05-14T07:06:21.438Z",
  "seededSessions": 32,
  "fixtureSize": "medium",
  "msgsPerSession": 50,
  "spans": {
    "nav.goal.cold": {
      "p50": 1828,
      "p95": 1828,
      "p99": 1828,
      "n": 1,
      "mean": 1828,
      "max": 1828
    },
    "nav.session.cold": {
      "p50": 812,
      "p95": 812,
      "p99": 812,
      "n": 1,
      "mean": 812,
      "max": 812
    },
    "rapidnav.keystroke.uncached": {
      "p50": 184.60000000149012,
      "p95": 244.39999999850988,
      "p99": 244.39999999850988,
      "n": 20,
      "mean": 179.34999999962747,
      "max": 268.8999999985099
    },
    "rapidnav.keystroke.cached": {
      "p50": 179,
      "p95": 260.3999999985099,
      "p99": 260.3999999985099,
      "n": 20,
      "mean": 173.6450000010431,
      "max": 292.6000000014901
    },
    "nav.session.ready": {
      "p50": 169.39999999850988,
      "p95": 255,
      "p99": 268.8999999985099,
      "n": 60,
      "mean": 159.706666666766,
      "max": 292.6000000014901
    },
    "api.session.fetch": {
      "p50": 90.80000000447035,
      "p95": 404.90000000596046,
      "p99": 408.6000000014901,
      "n": 130,
      "mean": 184.6476923076006,
      "max": 409
    },
    "ws.attach": {
      "p50": 65.30000000447035,
      "p95": 87.89999999850988,
      "p99": 89.39999999850988,
      "n": 51,
      "mean": 62.83137254942866,
      "max": 93
    },
    "nav.goal.ready": {
      "p50": 39.400000005960464,
      "p95": 39.400000005960464,
      "p99": 39.400000005960464,
      "n": 2,
      "mean": 78.80000000074506,
      "max": 118.19999999552965
    },
    "paint.first": {
      "p50": 33.20000000298023,
      "p95": 78.79999999701977,
      "p99": 95.09999999403954,
      "n": 206,
      "mean": 39.753883495275836,
      "max": 134.59999999403954
    },
    "rapidnav.gap": {
      "p50": 28.700000002980232,
      "p95": 51.69999999552965,
      "p99": 51.69999999552965,
      "n": 14,
      "mean": 31.278571427400625,
      "max": 62.599999994039536
    },
    "api.goal.gates.fetch": {
      "p50": 24.399999998509884,
      "p95": 29.799999997019768,
      "p99": 29.799999997019768,
      "n": 8,
      "mean": 22.875,
      "max": 36.70000000298023
    },
    "rapidnav.stall.ms": {
      "p50": 7.799999997019768,
      "p95": 34.899999998509884,
      "p99": 61.70000000298023,
      "n": 22,
      "mean": 16.8909090902995,
      "max": 93.10000000149012
    },
    "api.goal.agents.fetch": {
      "p50": 6.100000001490116,
      "p95": 25.5,
      "p99": 25.5,
      "n": 8,
      "mean": 15.275000000372529,
      "max": 36.70000000298023
    },
    "nav.click": {
      "p50": 2.7000000029802322,
      "p95": 4.200000002980232,
      "p99": 4.700000002980232,
      "n": 62,
      "mean": 2.690322580957605,
      "max": 5.299999997019768
    },
    "api.goal.fetch": {
      "p50": 2.7000000029802322,
      "p95": 2.7000000029802322,
      "p99": 2.7000000029802322,
      "n": 3,
      "mean": 10.266666668156782,
      "max": 25.80000000447035
    },
    "reducer.rehydrate": {
      "p50": 0.20000000298023224,
      "p95": 0.3999999985098839,
      "p99": 0.4000000059604645,
      "n": 49,
      "mean": 0.24489795872751546,
      "max": 0.5
    }
  },
  "kind": "experiment",
  "experimentTag": "opt-c",
  "experimentCondition": "on"
}
