{
  "commit": "52bbf9788ac6c35cc6d82537565d5be945d753d6",
  "parentCommit": "d6585b4726044faa2e168da156506aec36ec2115",
  "branch": "goal-goal-profile-si-320532b0-coder-15ac097c",
  "timestamp": "2026-05-14T06:58:21.576Z",
  "seededSessions": 32,
  "fixtureSize": "medium",
  "msgsPerSession": 50,
  "spans": {
    "nav.goal.cold": {
      "p50": 1882.1000000014901,
      "p95": 1882.1000000014901,
      "p99": 1882.1000000014901,
      "n": 1,
      "mean": 1882.1000000014901,
      "max": 1882.1000000014901
    },
    "nav.session.cold": {
      "p50": 649.8999999985099,
      "p95": 649.8999999985099,
      "p99": 649.8999999985099,
      "n": 1,
      "mean": 649.8999999985099,
      "max": 649.8999999985099
    },
    "rapidnav.keystroke.cached": {
      "p50": 203.80000000447035,
      "p95": 245.5,
      "p99": 245.5,
      "n": 20,
      "mean": 198.81000000014902,
      "max": 333
    },
    "rapidnav.keystroke.uncached": {
      "p50": 198.20000000298023,
      "p95": 238.20000000298023,
      "p99": 238.20000000298023,
      "n": 20,
      "mean": 181.04000000022353,
      "max": 261.29999999701977
    },
    "nav.session.ready": {
      "p50": 191.29999999701977,
      "p95": 245.5,
      "p99": 261.5,
      "n": 60,
      "mean": 171.953333333383,
      "max": 333
    },
    "api.session.fetch": {
      "p50": 82,
      "p95": 310.29999999701977,
      "p99": 329.79999999701977,
      "n": 130,
      "mean": 114.87307692313424,
      "max": 332.1000000014901
    },
    "ws.attach": {
      "p50": 69.5,
      "p95": 85.60000000149012,
      "p99": 91.40000000596046,
      "n": 51,
      "mean": 67.33137254972084,
      "max": 92.19999999552965
    },
    "paint.first": {
      "p50": 34.20000000298023,
      "p95": 82.59999999403954,
      "p99": 96.60000000149012,
      "n": 205,
      "mean": 40.34439024383702,
      "max": 143.39999999850988
    },
    "nav.goal.ready": {
      "p50": 32.600000001490116,
      "p95": 32.600000001490116,
      "p99": 32.600000001490116,
      "n": 2,
      "mean": 80.70000000298023,
      "max": 128.80000000447035
    },
    "rapidnav.gap": {
      "p50": 32.19999999552965,
      "p95": 46.600000001490116,
      "p99": 46.600000001490116,
      "n": 11,
      "mean": 35.763636362823576,
      "max": 75.39999999850988
    },
    "api.goal.fetch": {
      "p50": 29.5,
      "p95": 29.5,
      "p99": 29.5,
      "n": 3,
      "mean": 33.333333333333336,
      "max": 44.5
    },
    "api.goal.gates.fetch": {
      "p50": 25.5,
      "p95": 45.100000001490116,
      "p99": 45.100000001490116,
      "n": 8,
      "mean": 26.600000001490116,
      "max": 46.20000000298023
    },
    "api.goal.agents.fetch": {
      "p50": 21.600000001490116,
      "p95": 29.5,
      "p99": 29.5,
      "n": 8,
      "mean": 20.375000000931323,
      "max": 44.20000000298023
    },
    "rapidnav.stall.ms": {
      "p50": 8,
      "p95": 103.70000000298023,
      "p99": 108.30000000447035,
      "n": 25,
      "mean": 23.912000000476837,
      "max": 111.79999999701977
    },
    "nav.click": {
      "p50": 3,
      "p95": 4,
      "p99": 5.399999998509884,
      "n": 62,
      "mean": 2.967741935724212,
      "max": 6.399999998509884
    },
    "reducer.rehydrate": {
      "p50": 0.20000000298023224,
      "p95": 0.3999999985098839,
      "p99": 0.5,
      "n": 50,
      "mean": 0.2599999998509884,
      "max": 0.5
    }
  }
}