{
  "commit": "52bbf9788ac6c35cc6d82537565d5be945d753d6",
  "parentCommit": "d6585b4726044faa2e168da156506aec36ec2115",
  "branch": "goal-goal-profile-si-320532b0-coder-15ac097c",
  "timestamp": "2026-05-14T06:56:42.673Z",
  "seededSessions": 32,
  "fixtureSize": "medium",
  "msgsPerSession": 50,
  "spans": {
    "nav.goal.cold": {
      "p50": 1880.8999999985099,
      "p95": 1880.8999999985099,
      "p99": 1880.8999999985099,
      "n": 1,
      "mean": 1880.8999999985099,
      "max": 1880.8999999985099
    },
    "nav.session.cold": {
      "p50": 552.2999999970198,
      "p95": 552.2999999970198,
      "p99": 552.2999999970198,
      "n": 1,
      "mean": 552.2999999970198,
      "max": 552.2999999970198
    },
    "rapidnav.keystroke.cached": {
      "p50": 202.79999999701977,
      "p95": 255.70000000298023,
      "p99": 255.70000000298023,
      "n": 20,
      "mean": 193.67000000029802,
      "max": 290.5
    },
    "rapidnav.keystroke.uncached": {
      "p50": 197.09999999403954,
      "p95": 290.3999999985099,
      "p99": 290.3999999985099,
      "n": 20,
      "mean": 196.94999999962747,
      "max": 296.5
    },
    "nav.session.ready": {
      "p50": 180.39999999850988,
      "p95": 256.5,
      "p99": 290.5,
      "n": 60,
      "mean": 171.86333333390454,
      "max": 296.5
    },
    "api.session.fetch": {
      "p50": 74.29999999701977,
      "p95": 106.19999999552965,
      "p99": 355.19999999552965,
      "n": 130,
      "mean": 81.90384615396079,
      "max": 359.29999999701977
    },
    "ws.attach": {
      "p50": 71.79999999701977,
      "p95": 93.20000000298023,
      "p99": 96.90000000596046,
      "n": 51,
      "mean": 69.28627450881051,
      "max": 160.39999999850988
    },
    "nav.goal.ready": {
      "p50": 41.899999998509884,
      "p95": 41.899999998509884,
      "p99": 41.899999998509884,
      "n": 2,
      "mean": 85.14999999850988,
      "max": 128.39999999850988
    },
    "paint.first": {
      "p50": 35.79999999701977,
      "p95": 80.70000000298023,
      "p99": 87.5,
      "n": 203,
      "mean": 40.80049261076403,
      "max": 111.69999999552965
    },
    "api.goal.fetch": {
      "p50": 30.099999994039536,
      "p95": 30.099999994039536,
      "p99": 30.099999994039536,
      "n": 3,
      "mean": 31.16666666169961,
      "max": 36.599999994039536
    },
    "rapidnav.gap": {
      "p50": 26.200000002980232,
      "p95": 45.399999998509884,
      "p99": 45.399999998509884,
      "n": 13,
      "mean": 27.700000000687744,
      "max": 55.70000000298023
    },
    "api.goal.gates.fetch": {
      "p50": 23.700000002980232,
      "p95": 30.900000005960464,
      "p99": 30.900000005960464,
      "n": 8,
      "mean": 21.67500000167638,
      "max": 38
    },
    "api.goal.agents.fetch": {
      "p50": 21.299999997019768,
      "p95": 32.20000000298023,
      "p99": 32.20000000298023,
      "n": 8,
      "mean": 20.112500000745058,
      "max": 36.900000005960464
    },
    "rapidnav.stall.ms": {
      "p50": 5.399999998509884,
      "p95": 62.399999998509884,
      "p99": 86.70000000298023,
      "n": 23,
      "mean": 16.008695652627427,
      "max": 93.10000000149012
    },
    "nav.click": {
      "p50": 2.899999998509884,
      "p95": 4,
      "p99": 4.299999997019768,
      "n": 62,
      "mean": 2.9193548387096775,
      "max": 4.300000004470348
    },
    "reducer.rehydrate": {
      "p50": 0.20000000298023224,
      "p95": 0.3999999985098839,
      "p99": 0.5,
      "n": 51,
      "mean": 0.25686274556552663,
      "max": 1.3000000044703484
    }
  }
}