{
  "commit": "52bbf9788ac6c35cc6d82537565d5be945d753d6",
  "parentCommit": "d6585b4726044faa2e168da156506aec36ec2115",
  "branch": "goal-goal-profile-si-320532b0-coder-15ac097c",
  "timestamp": "2026-05-14T06:51:14.839Z",
  "seededSessions": 32,
  "fixtureSize": "medium",
  "msgsPerSession": 50,
  "spans": {
    "nav.goal.cold": {
      "p50": 1875.8999999985099,
      "p95": 1875.8999999985099,
      "p99": 1875.8999999985099,
      "n": 1,
      "mean": 1875.8999999985099,
      "max": 1875.8999999985099
    },
    "nav.session.cold": {
      "p50": 407.40000000596046,
      "p95": 407.40000000596046,
      "p99": 407.40000000596046,
      "n": 1,
      "mean": 407.40000000596046,
      "max": 407.40000000596046
    },
    "rapidnav.keystroke.cached": {
      "p50": 194.89999999850988,
      "p95": 292.8999999985099,
      "p99": 292.8999999985099,
      "n": 20,
      "mean": 202.75500000044704,
      "max": 320.29999999701977
    },
    "rapidnav.keystroke.uncached": {
      "p50": 177.39999999850988,
      "p95": 228.39999999850988,
      "p99": 228.39999999850988,
      "n": 20,
      "mean": 176.5949999999255,
      "max": 254.60000000149012
    },
    "nav.session.ready": {
      "p50": 173,
      "p95": 243.90000000596046,
      "p99": 292.8999999985099,
      "n": 60,
      "mean": 165.9800000001987,
      "max": 320.29999999701977
    },
    "api.session.fetch": {
      "p50": 80.89999999850988,
      "p95": 297,
      "p99": 299.6000000014901,
      "n": 130,
      "mean": 110.6307692310558,
      "max": 301.20000000298023
    },
    "ws.attach": {
      "p50": 65.20000000298023,
      "p95": 94,
      "p99": 98.09999999403954,
      "n": 51,
      "mean": 65.18039215648291,
      "max": 104.19999999552965
    },
    "nav.goal.ready": {
      "p50": 47.80000000447035,
      "p95": 47.80000000447035,
      "p99": 47.80000000447035,
      "n": 2,
      "mean": 85.80000000447035,
      "max": 123.80000000447035
    },
    "api.goal.fetch": {
      "p50": 46.899999998509884,
      "p95": 46.899999998509884,
      "p99": 46.899999998509884,
      "n": 3,
      "mean": 47.43333333233992,
      "max": 69.19999999552965
    },
    "paint.first": {
      "p50": 33.19999999552965,
      "p95": 72,
      "p99": 88.80000000447035,
      "n": 205,
      "mean": 37.695121951328545,
      "max": 114.5
    },
    "api.goal.gates.fetch": {
      "p50": 31.19999999552965,
      "p95": 47.20000000298023,
      "p99": 47.20000000298023,
      "n": 9,
      "mean": 30.11111111111111,
      "max": 69.60000000149012
    },
    "rapidnav.gap": {
      "p50": 26.69999999552965,
      "p95": 60.600000001490116,
      "p99": 60.600000001490116,
      "n": 15,
      "mean": 34.153333333134654,
      "max": 106.69999999552965
    },
    "api.goal.agents.fetch": {
      "p50": 19,
      "p95": 64.60000000149012,
      "p99": 64.60000000149012,
      "n": 8,
      "mean": 30.125,
      "max": 69.19999999552965
    },
    "rapidnav.stall.ms": {
      "p50": 11.300000004470348,
      "p95": 80.39999999850988,
      "p99": 80.39999999850988,
      "n": 21,
      "mean": 21.576190477325802,
      "max": 101.29999999701977
    },
    "nav.click": {
      "p50": 2.3000000044703484,
      "p95": 3.7000000029802322,
      "p99": 4.199999995529652,
      "n": 62,
      "mean": 2.4258064514686986,
      "max": 5.700000002980232
    },
    "reducer.rehydrate": {
      "p50": 0.20000000298023224,
      "p95": 0.6000000014901161,
      "p99": 0.7000000029802322,
      "n": 50,
      "mean": 0.2640000006556511,
      "max": 0.7999999970197678
    }
  }
}