{
  "commit": "52bbf9788ac6c35cc6d82537565d5be945d753d6",
  "parentCommit": "d6585b4726044faa2e168da156506aec36ec2115",
  "branch": "goal-goal-profile-si-320532b0-coder-15ac097c",
  "timestamp": "2026-05-14T07:01:32.894Z",
  "seededSessions": 32,
  "fixtureSize": "medium",
  "msgsPerSession": 50,
  "spans": {
    "nav.goal.cold": {
      "p50": 1811.9000000059605,
      "p95": 1811.9000000059605,
      "p99": 1811.9000000059605,
      "n": 1,
      "mean": 1811.9000000059605,
      "max": 1811.9000000059605
    },
    "nav.session.cold": {
      "p50": 559.9000000059605,
      "p95": 559.9000000059605,
      "p99": 559.9000000059605,
      "n": 1,
      "mean": 559.9000000059605,
      "max": 559.9000000059605
    },
    "rapidnav.keystroke.uncached": {
      "p50": 176.30000000447035,
      "p95": 212.89999999850988,
      "p99": 212.89999999850988,
      "n": 20,
      "mean": 177.16499999985098,
      "max": 262.29999999701977
    },
    "rapidnav.keystroke.cached": {
      "p50": 162.5,
      "p95": 204.10000000149012,
      "p99": 204.10000000149012,
      "n": 20,
      "mean": 165.81999999918042,
      "max": 230.60000000149012
    },
    "nav.session.ready": {
      "p50": 161.80000000447035,
      "p95": 207,
      "p99": 230.60000000149012,
      "n": 60,
      "mean": 148.1416666664183,
      "max": 262.29999999701977
    },
    "api.session.fetch": {
      "p50": 73.89999999850988,
      "p95": 258.80000000447035,
      "p99": 266.29999999701977,
      "n": 130,
      "mean": 109.55923076896714,
      "max": 269.70000000298023
    },
    "ws.attach": {
      "p50": 58.19999999552965,
      "p95": 76.5,
      "p99": 87.79999999701977,
      "n": 51,
      "mean": 54.91176470529799,
      "max": 91.80000000447035
    },
    "rapidnav.gap": {
      "p50": 43.600000001490116,
      "p95": 61.600000001490116,
      "p99": 61.600000001490116,
      "n": 15,
      "mean": 39.146666666368645,
      "max": 74.20000000298023
    },
    "nav.goal.ready": {
      "p50": 30.899999998509884,
      "p95": 30.899999998509884,
      "p99": 30.899999998509884,
      "n": 2,
      "mean": 68.19999999925494,
      "max": 105.5
    },
    "paint.first": {
      "p50": 29.80000000447035,
      "p95": 72.79999999701977,
      "p99": 82.89999999850988,
      "n": 200,
      "mean": 37.1749999999255,
      "max": 125.29999999701977
    },
    "api.goal.gates.fetch": {
      "p50": 24.600000001490116,
      "p95": 41.400000005960464,
      "p99": 41.400000005960464,
      "n": 9,
      "mean": 24.96666666616996,
      "max": 43
    },
    "rapidnav.stall.ms": {
      "p50": 7.5,
      "p95": 87.40000000596046,
      "p99": 87.40000000596046,
      "n": 21,
      "mean": 31.909523810304346,
      "max": 128
    },
    "api.goal.agents.fetch": {
      "p50": 4.899999998509884,
      "p95": 24.399999998509884,
      "p99": 24.399999998509884,
      "n": 8,
      "mean": 13.787499999627471,
      "max": 32.5
    },
    "nav.click": {
      "p50": 2.5,
      "p95": 3.3000000044703484,
      "p99": 3.600000001490116,
      "n": 62,
      "mean": 2.4983870973510127,
      "max": 4.4000000059604645
    },
    "api.goal.fetch": {
      "p50": 2.399999998509884,
      "p95": 2.399999998509884,
      "p99": 2.399999998509884,
      "n": 3,
      "mean": 9.666666666666666,
      "max": 24.5
    },
    "reducer.rehydrate": {
      "p50": 0.20000000298023224,
      "p95": 0.3999999985098839,
      "p99": 0.5,
      "n": 51,
      "mean": 0.22745098056746463,
      "max": 0.5999999940395355
    }
  }
}