{
  "commit": "52bbf9788ac6c35cc6d82537565d5be945d753d6",
  "parentCommit": "d6585b4726044faa2e168da156506aec36ec2115",
  "branch": "goal-goal-profile-si-320532b0-coder-15ac097c",
  "timestamp": "2026-05-14T06:55:04.466Z",
  "seededSessions": 32,
  "fixtureSize": "medium",
  "msgsPerSession": 50,
  "spans": {
    "nav.goal.cold": {
      "p50": 1902.6999999955297,
      "p95": 1902.6999999955297,
      "p99": 1902.6999999955297,
      "n": 1,
      "mean": 1902.6999999955297,
      "max": 1902.6999999955297
    },
    "nav.session.cold": {
      "p50": 408.6000000014901,
      "p95": 408.6000000014901,
      "p99": 408.6000000014901,
      "n": 1,
      "mean": 408.6000000014901,
      "max": 408.6000000014901
    },
    "rapidnav.keystroke.cached": {
      "p50": 179.5,
      "p95": 277.19999999552965,
      "p99": 277.19999999552965,
      "n": 20,
      "mean": 188.81500000059606,
      "max": 284.6000000014901
    },
    "rapidnav.keystroke.uncached": {
      "p50": 177.10000000149012,
      "p95": 242.60000000149012,
      "p99": 242.60000000149012,
      "n": 20,
      "mean": 178.72000000178815,
      "max": 264.30000000447035
    },
    "nav.session.ready": {
      "p50": 174.79999999701977,
      "p95": 242.60000000149012,
      "p99": 277.19999999552965,
      "n": 60,
      "mean": 165.58333333395422,
      "max": 284.6000000014901
    },
    "ws.attach": {
      "p50": 69.5,
      "p95": 82.80000000447035,
      "p99": 84.10000000149012,
      "n": 51,
      "mean": 62.00000000014609,
      "max": 88.79999999701977
    },
    "api.session.fetch": {
      "p50": 68.90000000596046,
      "p95": 114.10000000149012,
      "p99": 134.60000000149012,
      "n": 130,
      "mean": 75.49692307699185,
      "max": 138.09999999403954
    },
    "api.goal.fetch": {
      "p50": 46.19999999552965,
      "p95": 46.19999999552965,
      "p99": 46.19999999552965,
      "n": 3,
      "mean": 74.19999999801318,
      "max": 131
    },
    "rapidnav.gap": {
      "p50": 41.599999994039536,
      "p95": 65.20000000298023,
      "p99": 65.20000000298023,
      "n": 15,
      "mean": 38.99333333323399,
      "max": 85.69999999552965
    },
    "paint.first": {
      "p50": 33.5,
      "p95": 75.90000000596046,
      "p99": 94.69999999552965,
      "n": 215,
      "mean": 37.806511628281235,
      "max": 139.20000000298023
    },
    "nav.goal.ready": {
      "p50": 33.5,
      "p95": 33.5,
      "p99": 33.5,
      "n": 2,
      "mean": 76.44999999925494,
      "max": 119.39999999850988
    },
    "api.goal.gates.fetch": {
      "p50": 24.100000001490116,
      "p95": 66.20000000298023,
      "p99": 66.20000000298023,
      "n": 9,
      "mean": 38.988888888723324,
      "max": 156.29999999701977
    },
    "rapidnav.stall.ms": {
      "p50": 22.099999994039536,
      "p95": 120.5,
      "p99": 120.5,
      "n": 21,
      "mean": 32.204761906393934,
      "max": 133.10000000149012
    },
    "api.goal.agents.fetch": {
      "p50": 20.30000000447035,
      "p95": 45.899999998509884,
      "p99": 45.899999998509884,
      "n": 8,
      "mean": 32.97499999869615,
      "max": 117.39999999850988
    },
    "nav.click": {
      "p50": 2.600000001490116,
      "p95": 3.5,
      "p99": 4.299999997019768,
      "n": 62,
      "mean": 2.5419354832941488,
      "max": 4.5999999940395355
    },
    "reducer.rehydrate": {
      "p50": 0.20000000298023224,
      "p95": 0.3999999985098839,
      "p99": 0.3999999985098839,
      "n": 50,
      "mean": 0.25400000005960466,
      "max": 0.6000000014901161
    }
  }
}