{
  "commit": "52bbf9788ac6c35cc6d82537565d5be945d753d6",
  "parentCommit": "d6585b4726044faa2e168da156506aec36ec2115",
  "branch": "goal-goal-profile-si-320532b0-coder-15ac097c",
  "timestamp": "2026-05-14T07:03:06.808Z",
  "seededSessions": 32,
  "fixtureSize": "medium",
  "msgsPerSession": 50,
  "spans": {
    "nav.goal.cold": {
      "p50": 1804.7999999970198,
      "p95": 1804.7999999970198,
      "p99": 1804.7999999970198,
      "n": 1,
      "mean": 1804.7999999970198,
      "max": 1804.7999999970198
    },
    "nav.session.cold": {
      "p50": 555.3999999985099,
      "p95": 555.3999999985099,
      "p99": 555.3999999985099,
      "n": 1,
      "mean": 555.3999999985099,
      "max": 555.3999999985099
    },
    "rapidnav.keystroke.cached": {
      "p50": 196.30000000447035,
      "p95": 254.79999999701977,
      "p99": 254.79999999701977,
      "n": 20,
      "mean": 192.04000000022353,
      "max": 372.5
    },
    "rapidnav.keystroke.uncached": {
      "p50": 171.39999999850988,
      "p95": 276.20000000298023,
      "p99": 276.20000000298023,
      "n": 20,
      "mean": 181.95999999977647,
      "max": 277.80000000447035
    },
    "nav.session.ready": {
      "p50": 165.10000000149012,
      "p95": 254.79999999701977,
      "p99": 277.80000000447035,
      "n": 60,
      "mean": 160.09166666679084,
      "max": 372.5
    },
    "ws.attach": {
      "p50": 72,
      "p95": 88.30000000447035,
      "p99": 91.5,
      "n": 51,
      "mean": 63.764705882206854,
      "max": 105
    },
    "api.session.fetch": {
      "p50": 59.19999999552965,
      "p95": 88.10000000149012,
      "p99": 92.79999999701977,
      "n": 130,
      "mean": 61.17461538469562,
      "max": 94.39999999850988
    },
    "paint.first": {
      "p50": 35.899999998509884,
      "p95": 75.70000000298023,
      "p99": 84.5,
      "n": 205,
      "mean": 40.388780487383286,
      "max": 195.79999999701977
    },
    "rapidnav.gap": {
      "p50": 31,
      "p95": 46.79999999701977,
      "p99": 46.79999999701977,
      "n": 14,
      "mean": 29.635714286140033,
      "max": 54.29999999701977
    },
    "api.goal.gates.fetch": {
      "p50": 27.600000001490116,
      "p95": 224,
      "p99": 224,
      "n": 9,
      "mean": 67.61111111111111,
      "max": 229.80000000447035
    },
    "nav.goal.ready": {
      "p50": 26.799999997019768,
      "p95": 26.799999997019768,
      "p99": 26.799999997019768,
      "n": 2,
      "mean": 65.34999999776483,
      "max": 103.89999999850988
    },
    "api.goal.agents.fetch": {
      "p50": 17.600000001490116,
      "p95": 26.799999997019768,
      "p99": 26.799999997019768,
      "n": 8,
      "mean": 16.600000000558794,
      "max": 31.19999999552965
    },
    "rapidnav.stall.ms": {
      "p50": 5.899999998509884,
      "p95": 25.5,
      "p99": 34.70000000298023,
      "n": 22,
      "mean": 9.922727271914482,
      "max": 36.5
    },
    "nav.click": {
      "p50": 2.5,
      "p95": 3.5,
      "p99": 4.5,
      "n": 62,
      "mean": 2.5145161287678826,
      "max": 4.5999999940395355
    },
    "api.goal.fetch": {
      "p50": 2.399999998509884,
      "p95": 2.399999998509884,
      "p99": 2.399999998509884,
      "n": 3,
      "mean": 10.40000000099341,
      "max": 27.100000001490116
    },
    "reducer.rehydrate": {
      "p50": 0.20000000298023224,
      "p95": 0.3999999985098839,
      "p99": 0.4000000059604645,
      "n": 49,
      "mean": 0.24489795979188414,
      "max": 0.5
    }
  },
  "kind": "experiment",
  "experimentTag": "opt-c",
  "experimentCondition": "on"
}
