{
  "commit": "5309f93c5ee84ddbd730d77dcc44415fae7cca82",
  "parentCommit": "be4da3e37a802417afb80b11161b96082cfc7c80",
  "branch": "goal-goal-profile-si-320532b0-coder-36405049",
  "timestamp": "2026-05-14T05:58:15.894Z",
  "seededSessions": 10,
  "fixtureSize": "medium",
  "msgsPerSession": 50,
  "spans": {
    "nav.goal.cold": {
      "p50": 1690.7999999970198,
      "p95": 1690.7999999970198,
      "p99": 1690.7999999970198,
      "n": 1,
      "mean": 1690.7999999970198,
      "max": 1690.7999999970198
    },
    "nav.session.cold": {
      "p50": 164.60000000149012,
      "p95": 164.60000000149012,
      "p99": 164.60000000149012,
      "n": 1,
      "mean": 164.60000000149012,
      "max": 164.60000000149012
    },
    "nav.session.ready": {
      "p50": 35.400000005960464,
      "p95": 79.39999999850988,
      "p99": 79.39999999850988,
      "n": 20,
      "mean": 46.65999999940395,
      "max": 94.5
    },
    "nav.goal.ready": {
      "p50": 17.30000000447035,
      "p95": 17.30000000447035,
      "p99": 17.30000000447035,
      "n": 2,
      "mean": 31.400000002235174,
      "max": 45.5
    },
    "paint.first": {
      "p50": 16.600000001490116,
      "p95": 26.69999999552965,
      "p99": 32.79999999701977,
      "n": 70,
      "mean": 17.214285713859965,
      "max": 41
    },
    "api.session.fetch": {
      "p50": 16,
      "p95": 109.40000000596046,
      "p99": 109.5,
      "n": 42,
      "mean": 36.399999999929044,
      "max": 109.60000000149012
    },
    "api.goal.gates.fetch": {
      "p50": 8.5,
      "p95": 21.600000001490116,
      "p99": 21.600000001490116,
      "n": 9,
      "mean": 11.711111111773384,
      "max": 23.100000001490116
    },
    "api.goal.fetch": {
      "p50": 7.800000004470348,
      "p95": 7.800000004470348,
      "p99": 7.800000004470348,
      "n": 3,
      "mean": 11.800000001986822,
      "max": 22
    },
    "ws.attach": {
      "p50": 4.5,
      "p95": 19.30000000447035,
      "p99": 19.30000000447035,
      "n": 11,
      "mean": 9.890909092670137,
      "max": 44.5
    },
    "api.goal.agents.fetch": {
      "p50": 3.899999998509884,
      "p95": 7.5,
      "p99": 7.5,
      "n": 8,
      "mean": 6.212500000372529,
      "max": 21.900000005960464
    },
    "nav.click": {
      "p50": 1.1000000014901161,
      "p95": 1.6000000014901161,
      "p99": 1.7999999970197678,
      "n": 22,
      "mean": 1.1909090917218814,
      "max": 3.4000000059604645
    },
    "reducer.rehydrate": {
      "p50": 0.10000000149011612,
      "p95": 0.20000000298023224,
      "p99": 0.20000000298023224,
      "n": 11,
      "mean": 0.12727272781458768,
      "max": 0.20000000298023224
    }
  }
}