{
  "commit": "5309f93c5ee84ddbd730d77dcc44415fae7cca82",
  "parentCommit": "be4da3e37a802417afb80b11161b96082cfc7c80",
  "branch": "goal-goal-profile-si-320532b0-coder-36405049",
  "timestamp": "2026-05-14T05:59:36.409Z",
  "seededSessions": 10,
  "fixtureSize": "large",
  "msgsPerSession": 200,
  "spans": {
    "nav.goal.cold": {
      "p50": 1711.7999999970198,
      "p95": 1711.7999999970198,
      "p99": 1711.7999999970198,
      "n": 1,
      "mean": 1711.7999999970198,
      "max": 1711.7999999970198
    },
    "nav.session.cold": {
      "p50": 169.60000000149012,
      "p95": 169.60000000149012,
      "p99": 169.60000000149012,
      "n": 1,
      "mean": 169.60000000149012,
      "max": 169.60000000149012
    },
    "nav.session.ready": {
      "p50": 60.30000000447035,
      "p95": 125.5,
      "p99": 125.5,
      "n": 20,
      "mean": 71.99999999962748,
      "max": 173.5
    },
    "nav.goal.ready": {
      "p50": 22.799999997019768,
      "p95": 22.799999997019768,
      "p99": 22.799999997019768,
      "n": 2,
      "mean": 35.399999998509884,
      "max": 48
    },
    "paint.first": {
      "p50": 16.799999997019768,
      "p95": 55.899999998509884,
      "p99": 61.80000000447035,
      "n": 73,
      "mean": 22.450684931384373,
      "max": 122
    },
    "api.goal.fetch": {
      "p50": 11.5,
      "p95": 11.5,
      "p99": 11.5,
      "n": 3,
      "mean": 14.266666665673256,
      "max": 24.200000002980232
    },
    "api.session.fetch": {
      "p50": 11.399999998509884,
      "p95": 117.79999999701977,
      "p99": 118.80000000447035,
      "n": 41,
      "mean": 36.27804878008802,
      "max": 119.29999999701977
    },
    "api.goal.gates.fetch": {
      "p50": 7.600000001490116,
      "p95": 13.299999997019768,
      "p99": 13.299999997019768,
      "n": 8,
      "mean": 10.32500000204891,
      "max": 24.400000005960464
    },
    "ws.attach": {
      "p50": 4.700000002980232,
      "p95": 19.399999998509884,
      "p99": 19.399999998509884,
      "n": 11,
      "mean": 10.2454545464028,
      "max": 19.600000001490116
    },
    "api.goal.agents.fetch": {
      "p50": 3.0999999940395355,
      "p95": 10.800000004470348,
      "p99": 10.800000004470348,
      "n": 8,
      "mean": 6.7999999998137355,
      "max": 23.80000000447035
    },
    "nav.click": {
      "p50": 1.3999999985098839,
      "p95": 2,
      "p99": 2.100000001490116,
      "n": 22,
      "mean": 1.568181818520481,
      "max": 4.800000004470348
    },
    "reducer.rehydrate": {
      "p50": 0.30000000447034836,
      "p95": 0.5999999940395355,
      "p99": 0.5999999940395355,
      "n": 11,
      "mean": 0.36363636363636365,
      "max": 0.7000000029802322
    }
  }
}