{
  "commit": "552fb246b4b409002fd9c0aa46cfa3fca9e92672",
  "parentCommit": "2868463d71cb9ca28b3ef0e6ae4e4663d7d26bff",
  "branch": "goal-goal-profile-si-320532b0-coder-994f91d0",
  "timestamp": "2026-05-14T09:21:56.065Z",
  "seededSessions": 32,
  "fixtureSize": "medium",
  "msgsPerSession": 50,
  "perfFlags": null,
  "tag": "opt-f-off-5",
  "kind": "experiment",
  "spans": {
    "nav.goal.cold": {
      "p50": 1798.7000000029802,
      "p95": 1798.7000000029802,
      "p99": 1798.7000000029802,
      "n": 1,
      "mean": 1798.7000000029802,
      "max": 1798.7000000029802
    },
    "nav.session.cold": {
      "p50": 244.5,
      "p95": 244.5,
      "p99": 244.5,
      "n": 1,
      "mean": 244.5,
      "max": 244.5
    },
    "rapidnav.keystroke.uncached": {
      "p50": 181.19999999552965,
      "p95": 330.70000000298023,
      "p99": 330.70000000298023,
      "n": 20,
      "mean": 221.9349999997765,
      "max": 531.8999999985099
    },
    "rapidnav.keystroke.cached": {
      "p50": 135.39999999850988,
      "p95": 329.3999999985099,
      "p99": 329.3999999985099,
      "n": 20,
      "mean": 178.26000000052153,
      "max": 338.09999999403954
    },
    "nav.session.ready": {
      "p50": 124,
      "p95": 329.3999999985099,
      "p99": 338.09999999403954,
      "n": 60,
      "mean": 158.78000000019867,
      "max": 531.8999999985099
    },
    "rapidnav.gap": {
      "p50": 56.600000001490116,
      "p95": 121.80000000447035,
      "p99": 121.80000000447035,
      "n": 14,
      "mean": 60.67142857132213,
      "max": 145.89999999850988
    },
    "api.session.fetch": {
      "p50": 48.399999998509884,
      "p95": 241.10000000149012,
      "p99": 246.09999999403954,
      "n": 130,
      "mean": 74.79538461520121,
      "max": 247.39999999850988
    },
    "ws.attach": {
      "p50": 47.600000001490116,
      "p95": 145,
      "p99": 176.19999999552965,
      "n": 51,
      "mean": 61.088235294117645,
      "max": 192
    },
    "nav.goal.ready": {
      "p50": 36.30000000447035,
      "p95": 36.30000000447035,
      "p99": 36.30000000447035,
      "n": 2,
      "mean": 60.44999999925494,
      "max": 84.59999999403954
    },
    "api.goal.gates.fetch": {
      "p50": 24.5,
      "p95": 30.69999999552965,
      "p99": 30.69999999552965,
      "n": 9,
      "mean": 26.91111110895872,
      "max": 59.600000001490116
    },
    "api.goal.fetch": {
      "p50": 21.5,
      "p95": 21.5,
      "p99": 21.5,
      "n": 3,
      "mean": 22.46666666616996,
      "max": 25.599999994039536
    },
    "paint.first": {
      "p50": 21.399999998509884,
      "p95": 45,
      "p99": 56.399999998509884,
      "n": 193,
      "mean": 25.431606217794158,
      "max": 61.899999998509884
    },
    "rapidnav.stall.ms": {
      "p50": 6.899999998509884,
      "p95": 27.600000001490116,
      "p99": 50.100000001490116,
      "n": 22,
      "mean": 15.295454545454545,
      "max": 97.5
    },
    "api.goal.agents.fetch": {
      "p50": 6.5,
      "p95": 20.400000005960464,
      "p99": 20.400000005960464,
      "n": 8,
      "mean": 12.837500000372529,
      "max": 25.69999999552965
    },
    "nav.click": {
      "p50": 1.5,
      "p95": 2.1999999955296516,
      "p99": 2.3000000044703484,
      "n": 62,
      "mean": 1.5032258066198518,
      "max": 2.5
    },
    "reducer.rehydrate": {
      "p50": 0.19999999552965164,
      "p95": 0.29999999701976776,
      "p99": 0.3999999985098839,
      "n": 51,
      "mean": 0.1745098031619016,
      "max": 0.5
    }
  }
}