{
  "commit": "552fb246b4b409002fd9c0aa46cfa3fca9e92672",
  "parentCommit": "2868463d71cb9ca28b3ef0e6ae4e4663d7d26bff",
  "branch": "goal-goal-profile-si-320532b0-coder-994f91d0",
  "timestamp": "2026-05-14T09:26:31.634Z",
  "seededSessions": 32,
  "fixtureSize": "medium",
  "msgsPerSession": 50,
  "perfFlags": "deferWsAttach",
  "tag": "opt-f-on-3",
  "kind": "experiment",
  "spans": {
    "nav.goal.cold": {
      "p50": 1774.0999999940395,
      "p95": 1774.0999999940395,
      "p99": 1774.0999999940395,
      "n": 1,
      "mean": 1774.0999999940395,
      "max": 1774.0999999940395
    },
    "nav.session.cold": {
      "p50": 316.3999999985099,
      "p95": 316.3999999985099,
      "p99": 316.3999999985099,
      "n": 1,
      "mean": 316.3999999985099,
      "max": 316.3999999985099
    },
    "rapidnav.keystroke.cached": {
      "p50": 108.89999999850988,
      "p95": 159.90000000596046,
      "p99": 159.90000000596046,
      "n": 20,
      "mean": 117.49500000029802,
      "max": 177.10000000149012
    },
    "nav.session.ready": {
      "p50": 95,
      "p95": 159.90000000596046,
      "p99": 176.29999999701977,
      "n": 60,
      "mean": 97.54833333318432,
      "max": 177.10000000149012
    },
    "rapidnav.keystroke.uncached": {
      "p50": 95,
      "p95": 161.39999999850988,
      "p99": 161.39999999850988,
      "n": 20,
      "mean": 105.59999999962747,
      "max": 176.29999999701977
    },
    "rapidnav.gap": {
      "p50": 65.40000000596046,
      "p95": 109,
      "p99": 120.5,
      "n": 22,
      "mean": 71.7409090900963,
      "max": 128.10000000149012
    },
    "ws.attach": {
      "p50": 55.5,
      "p95": 72,
      "p99": 82,
      "n": 51,
      "mean": 54.09803921568628,
      "max": 90.5
    },
    "api.session.fetch": {
      "p50": 53,
      "p95": 70.80000000447035,
      "p99": 75.10000000149012,
      "n": 130,
      "mean": 51.09076923086093,
      "max": 76.5
    },
    "nav.goal.ready": {
      "p50": 35.600000001490116,
      "p95": 35.600000001490116,
      "p99": 35.600000001490116,
      "n": 2,
      "mean": 65.19999999925494,
      "max": 94.79999999701977
    },
    "api.goal.fetch": {
      "p50": 29.799999997019768,
      "p95": 29.799999997019768,
      "p99": 29.799999997019768,
      "n": 3,
      "mean": 27.633333332836628,
      "max": 32.79999999701977
    },
    "api.goal.gates.fetch": {
      "p50": 28.69999999552965,
      "p95": 33.19999999552965,
      "p99": 33.19999999552965,
      "n": 9,
      "mean": 39.82222222205665,
      "max": 181.80000000447035
    },
    "paint.first": {
      "p50": 24.099999994039536,
      "p95": 44.20000000298023,
      "p99": 60.30000000447035,
      "n": 200,
      "mean": 26.129499999806285,
      "max": 63.20000000298023
    },
    "api.goal.agents.fetch": {
      "p50": 5.899999998509884,
      "p95": 30.299999997019768,
      "p99": 30.299999997019768,
      "n": 8,
      "mean": 14.512499997392297,
      "max": 32.69999999552965
    },
    "rapidnav.stall.ms": {
      "p50": 2.600000001490116,
      "p95": 13.300000004470348,
      "p99": 13.300000004470348,
      "n": 14,
      "mean": 4.092857143708637,
      "max": 14.700000002980232
    },
    "nav.click": {
      "p50": 1.6000000014901161,
      "p95": 2.100000001490116,
      "p99": 2.3000000044703484,
      "n": 62,
      "mean": 1.6419354839430702,
      "max": 2.8000000044703484
    },
    "reducer.rehydrate": {
      "p50": 0.19999999552965164,
      "p95": 0.29999999701976776,
      "p99": 0.3999999985098839,
      "n": 51,
      "mean": 0.19411764629915648,
      "max": 0.3999999985098839
    }
  }
}