{
  "commit": "552fb246b4b409002fd9c0aa46cfa3fca9e92672",
  "parentCommit": "2868463d71cb9ca28b3ef0e6ae4e4663d7d26bff",
  "branch": "goal-goal-profile-si-320532b0-coder-994f91d0",
  "timestamp": "2026-05-14T09:23:30.494Z",
  "seededSessions": 32,
  "fixtureSize": "medium",
  "msgsPerSession": 50,
  "perfFlags": "deferWsAttach",
  "tag": "opt-f-on-1",
  "kind": "experiment",
  "spans": {
    "nav.goal.cold": {
      "p50": 1986.8999999985099,
      "p95": 1986.8999999985099,
      "p99": 1986.8999999985099,
      "n": 1,
      "mean": 1986.8999999985099,
      "max": 1986.8999999985099
    },
    "nav.session.cold": {
      "p50": 622,
      "p95": 622,
      "p99": 622,
      "n": 1,
      "mean": 622,
      "max": 622
    },
    "rapidnav.keystroke.uncached": {
      "p50": 124.20000000298023,
      "p95": 179.60000000149012,
      "p99": 179.60000000149012,
      "n": 20,
      "mean": 130.80000000074506,
      "max": 181.90000000596046
    },
    "rapidnav.keystroke.cached": {
      "p50": 121.39999999850988,
      "p95": 164.10000000149012,
      "p99": 164.10000000149012,
      "n": 20,
      "mean": 127.52499999925494,
      "max": 246.79999999701977
    },
    "nav.session.ready": {
      "p50": 118.20000000298023,
      "p95": 179.60000000149012,
      "p99": 246.79999999701977,
      "n": 60,
      "mean": 117.19833333306015,
      "max": 271.19999999552965
    },
    "api.session.fetch": {
      "p50": 72.70000000298023,
      "p95": 221.20000000298023,
      "p99": 320.8999999985099,
      "n": 130,
      "mean": 94.14307692320301,
      "max": 321.3999999985099
    },
    "ws.attach": {
      "p50": 62.899999998509884,
      "p95": 100.70000000298023,
      "p99": 123.19999999552965,
      "n": 51,
      "mean": 65.02352941211532,
      "max": 174
    },
    "api.goal.fetch": {
      "p50": 59.100000001490116,
      "p95": 59.100000001490116,
      "p99": 59.100000001490116,
      "n": 3,
      "mean": 58.36666666716337,
      "max": 88.10000000149012
    },
    "rapidnav.gap": {
      "p50": 56.30000000447035,
      "p95": 113,
      "p99": 113,
      "n": 20,
      "mean": 59.019999999180435,
      "max": 117.60000000149012
    },
    "api.goal.gates.fetch": {
      "p50": 28.099999994039536,
      "p95": 60.30000000447035,
      "p99": 60.30000000447035,
      "n": 9,
      "mean": 32.2888888898823,
      "max": 93.60000000149012
    },
    "paint.first": {
      "p50": 23,
      "p95": 54.600000001490116,
      "p99": 63.80000000447035,
      "n": 221,
      "mean": 27.24977375539989,
      "max": 79.39999999850988
    },
    "nav.goal.ready": {
      "p50": 22.5,
      "p95": 22.5,
      "p99": 22.5,
      "n": 2,
      "mean": 58.80000000074506,
      "max": 95.10000000149012
    },
    "api.goal.agents.fetch": {
      "p50": 7.399999998509884,
      "p95": 90,
      "p99": 90,
      "n": 8,
      "mean": 32.637500000186265,
      "max": 94.89999999850988
    },
    "rapidnav.stall.ms": {
      "p50": 6.399999998509884,
      "p95": 21.80000000447035,
      "p99": 21.80000000447035,
      "n": 16,
      "mean": 13.162500001024455,
      "max": 69.10000000149012
    },
    "nav.click": {
      "p50": 1.7999999970197678,
      "p95": 3.5999999940395355,
      "p99": 7.399999998509884,
      "n": 62,
      "mean": 2.088709676337819,
      "max": 7.600000001490116
    },
    "reducer.rehydrate": {
      "p50": 0.20000000298023224,
      "p95": 0.29999999701976776,
      "p99": 0.30000000447034836,
      "n": 46,
      "mean": 0.1913043477612993,
      "max": 0.3999999985098839
    }
  }
}