{
  "commit": "552fb246b4b409002fd9c0aa46cfa3fca9e92672",
  "parentCommit": "2868463d71cb9ca28b3ef0e6ae4e4663d7d26bff",
  "branch": "goal-goal-profile-si-320532b0-coder-994f91d0",
  "timestamp": "2026-05-14T09:15:48.124Z",
  "seededSessions": 32,
  "fixtureSize": "medium",
  "msgsPerSession": 50,
  "perfFlags": null,
  "tag": "opt-f-off-2",
  "kind": "experiment",
  "spans": {
    "nav.goal.cold": {
      "p50": 1750.7000000029802,
      "p95": 1750.7000000029802,
      "p99": 1750.7000000029802,
      "n": 1,
      "mean": 1750.7000000029802,
      "max": 1750.7000000029802
    },
    "nav.session.cold": {
      "p50": 309.1000000014901,
      "p95": 309.1000000014901,
      "p99": 309.1000000014901,
      "n": 1,
      "mean": 309.1000000014901,
      "max": 309.1000000014901
    },
    "rapidnav.keystroke.cached": {
      "p50": 138,
      "p95": 148.5,
      "p99": 148.5,
      "n": 20,
      "mean": 133.11500000022352,
      "max": 162.39999999850988
    },
    "nav.session.ready": {
      "p50": 112.79999999701977,
      "p95": 148.29999999701977,
      "p99": 151.89999999850988,
      "n": 60,
      "mean": 107.69333333335817,
      "max": 162.39999999850988
    },
    "rapidnav.keystroke.uncached": {
      "p50": 112.79999999701977,
      "p95": 145.60000000149012,
      "p99": 145.60000000149012,
      "n": 20,
      "mean": 111.385000000149,
      "max": 151.89999999850988
    },
    "rapidnav.gap": {
      "p50": 70.5,
      "p95": 101.39999999850988,
      "p99": 101.39999999850988,
      "n": 19,
      "mean": 66.08947368436738,
      "max": 101.69999999552965
    },
    "api.session.fetch": {
      "p50": 51.29999999701977,
      "p95": 224.79999999701977,
      "p99": 230.20000000298023,
      "n": 130,
      "mean": 89.7953846151439,
      "max": 232.5
    },
    "ws.attach": {
      "p50": 48.79999999701977,
      "p95": 58.100000001490116,
      "p99": 64.90000000596046,
      "n": 51,
      "mean": 43.456862745623965,
      "max": 71.10000000149012
    },
    "nav.goal.ready": {
      "p50": 28.900000005960464,
      "p95": 28.900000005960464,
      "p99": 28.900000005960464,
      "n": 2,
      "mean": 58.55000000447035,
      "max": 88.20000000298023
    },
    "paint.first": {
      "p50": 24.30000000447035,
      "p95": 48.600000001490116,
      "p99": 63.5,
      "n": 188,
      "mean": 28.183510638456394,
      "max": 66.80000000447035
    },
    "api.goal.fetch": {
      "p50": 22.299999997019768,
      "p95": 22.299999997019768,
      "p99": 22.299999997019768,
      "n": 3,
      "mean": 25.533333331346512,
      "max": 33.20000000298023
    },
    "api.goal.gates.fetch": {
      "p50": 21,
      "p95": 32.399999998509884,
      "p99": 32.399999998509884,
      "n": 9,
      "mean": 18.666666666666668,
      "max": 33.80000000447035
    },
    "api.goal.agents.fetch": {
      "p50": 14.299999997019768,
      "p95": 22.5,
      "p99": 22.5,
      "n": 8,
      "mean": 14.899999999441206,
      "max": 33.100000001490116
    },
    "rapidnav.stall.ms": {
      "p50": 4,
      "p95": 5.4000000059604645,
      "p99": 5.4000000059604645,
      "n": 17,
      "mean": 7.4941176465329,
      "max": 66.60000000149012
    },
    "nav.click": {
      "p50": 1.6000000014901161,
      "p95": 2.3000000044703484,
      "p99": 2.600000001490116,
      "n": 62,
      "mean": 1.6870967744579237,
      "max": 2.7000000029802322
    },
    "reducer.rehydrate": {
      "p50": 0.20000000298023224,
      "p95": 0.30000000447034836,
      "p99": 0.3999999985098839,
      "n": 50,
      "mean": 0.19200000002980233,
      "max": 0.3999999985098839
    }
  }
}