{
  "commit": "552fb246b4b409002fd9c0aa46cfa3fca9e92672",
  "parentCommit": "2868463d71cb9ca28b3ef0e6ae4e4663d7d26bff",
  "branch": "goal-goal-profile-si-320532b0-coder-994f91d0",
  "timestamp": "2026-05-14T09:25:01.587Z",
  "seededSessions": 32,
  "fixtureSize": "medium",
  "msgsPerSession": 50,
  "perfFlags": "deferWsAttach",
  "tag": "opt-f-on-2",
  "kind": "experiment",
  "spans": {
    "nav.goal.cold": {
      "p50": 1755.5,
      "p95": 1755.5,
      "p99": 1755.5,
      "n": 1,
      "mean": 1755.5,
      "max": 1755.5
    },
    "nav.session.cold": {
      "p50": 280.59999999403954,
      "p95": 280.59999999403954,
      "p99": 280.59999999403954,
      "n": 1,
      "mean": 280.59999999403954,
      "max": 280.59999999403954
    },
    "rapidnav.keystroke.cached": {
      "p50": 112.19999999552965,
      "p95": 172,
      "p99": 172,
      "n": 20,
      "mean": 126.60500000044703,
      "max": 203.70000000298023
    },
    "rapidnav.keystroke.uncached": {
      "p50": 108.89999999850988,
      "p95": 152.89999999850988,
      "p99": 152.89999999850988,
      "n": 20,
      "mean": 111.97999999858439,
      "max": 164.5
    },
    "nav.session.ready": {
      "p50": 101.79999999701977,
      "p95": 167.60000000149012,
      "p99": 172,
      "n": 60,
      "mean": 102.46666666616996,
      "max": 203.70000000298023
    },
    "rapidnav.gap": {
      "p50": 77.39999999850988,
      "p95": 117.89999999850988,
      "p99": 117.89999999850988,
      "n": 21,
      "mean": 71.74285714328289,
      "max": 118
    },
    "api.session.fetch": {
      "p50": 58.5,
      "p95": 180.09999999403954,
      "p99": 185.60000000149012,
      "n": 130,
      "mean": 82.04538461577434,
      "max": 188
    },
    "ws.attach": {
      "p50": 52.80000000447035,
      "p95": 70.20000000298023,
      "p99": 80.39999999850988,
      "n": 51,
      "mean": 53.32156862786003,
      "max": 88.69999999552965
    },
    "nav.goal.ready": {
      "p50": 25.899999998509884,
      "p95": 25.899999998509884,
      "p99": 25.899999998509884,
      "n": 2,
      "mean": 57.149999998509884,
      "max": 88.39999999850988
    },
    "paint.first": {
      "p50": 22.600000001490116,
      "p95": 46.79999999701977,
      "p99": 59.599999994039536,
      "n": 200,
      "mean": 26.001500000208615,
      "max": 62.899999998509884
    },
    "api.goal.fetch": {
      "p50": 19.600000001490116,
      "p95": 19.600000001490116,
      "p99": 19.600000001490116,
      "n": 3,
      "mean": 19.466666668653488,
      "max": 23.80000000447035
    },
    "api.goal.gates.fetch": {
      "p50": 7.200000002980232,
      "p95": 23.399999998509884,
      "p99": 23.399999998509884,
      "n": 9,
      "mean": 12.233333334326744,
      "max": 23.5
    },
    "api.goal.agents.fetch": {
      "p50": 4.299999997019768,
      "p95": 19.600000001490116,
      "p99": 19.600000001490116,
      "n": 8,
      "mean": 9.924999998882413,
      "max": 24.099999994039536
    },
    "rapidnav.stall.ms": {
      "p50": 3.2999999970197678,
      "p95": 18.899999998509884,
      "p99": 18.899999998509884,
      "n": 15,
      "mean": 9.273333331942558,
      "max": 63.30000000447035
    },
    "nav.click": {
      "p50": 1.5,
      "p95": 2.2999999970197678,
      "p99": 3.5,
      "n": 62,
      "mean": 1.633870967453526,
      "max": 3.899999998509884
    },
    "reducer.rehydrate": {
      "p50": 0.20000000298023224,
      "p95": 0.30000000447034836,
      "p99": 0.30000000447034836,
      "n": 51,
      "mean": 0.19411764761396483,
      "max": 0.3999999985098839
    }
  }
}