{
  "commit": "552fb246b4b409002fd9c0aa46cfa3fca9e92672",
  "parentCommit": "2868463d71cb9ca28b3ef0e6ae4e4663d7d26bff",
  "branch": "goal-goal-profile-si-320532b0-coder-994f91d0",
  "timestamp": "2026-05-14T09:29:36.895Z",
  "seededSessions": 32,
  "fixtureSize": "medium",
  "msgsPerSession": 50,
  "perfFlags": "deferWsAttach",
  "tag": "opt-f-on-5",
  "kind": "experiment",
  "spans": {
    "nav.goal.cold": {
      "p50": 2556.7000000029802,
      "p95": 2556.7000000029802,
      "p99": 2556.7000000029802,
      "n": 1,
      "mean": 2556.7000000029802,
      "max": 2556.7000000029802
    },
    "api.goal.fetch": {
      "p50": 927.4000000059605,
      "p95": 927.4000000059605,
      "p99": 927.4000000059605,
      "n": 1,
      "mean": 927.4000000059605,
      "max": 927.4000000059605
    },
    "nav.goal.ready": {
      "p50": 302.5,
      "p95": 302.5,
      "p99": 302.5,
      "n": 1,
      "mean": 302.5,
      "max": 302.5
    },
    "nav.session.cold": {
      "p50": 294.8999999985099,
      "p95": 294.8999999985099,
      "p99": 294.8999999985099,
      "n": 1,
      "mean": 294.8999999985099,
      "max": 294.8999999985099
    },
    "rapidnav.keystroke.uncached": {
      "p50": 138.29999999701977,
      "p95": 184.30000000447035,
      "p99": 184.30000000447035,
      "n": 20,
      "mean": 140.645000000298,
      "max": 211
    },
    "rapidnav.keystroke.cached": {
      "p50": 120,
      "p95": 165.69999999552965,
      "p99": 165.69999999552965,
      "n": 20,
      "mean": 130.635000000149,
      "max": 236.20000000298023
    },
    "nav.session.ready": {
      "p50": 117.69999999552965,
      "p95": 171.39999999850988,
      "p99": 211,
      "n": 60,
      "mean": 114.12666666706403,
      "max": 236.20000000298023
    },
    "ws.attach": {
      "p50": 65,
      "p95": 127.20000000298023,
      "p99": 211.19999999552965,
      "n": 51,
      "mean": 70.76274509786391,
      "max": 316.80000000447035
    },
    "rapidnav.gap": {
      "p50": 64.60000000149012,
      "p95": 107.69999999552965,
      "p99": 107.69999999552965,
      "n": 19,
      "mean": 63.54210526260891,
      "max": 111.10000000149012
    },
    "api.session.fetch": {
      "p50": 53.79999999701977,
      "p95": 1843.7000000029802,
      "p99": 1917.3999999985099,
      "n": 130,
      "mean": 378.5830769232259,
      "max": 1917.7000000029802
    },
    "api.goal.gates.fetch": {
      "p50": 50.30000000447035,
      "p95": 470.1000000014901,
      "p99": 470.1000000014901,
      "n": 9,
      "mean": 199.40000000016556,
      "max": 928.1999999955297
    },
    "paint.first": {
      "p50": 22.5,
      "p95": 48.100000001490116,
      "p99": 62,
      "n": 208,
      "mean": 26.169230768994357,
      "max": 67.89999999850988
    },
    "rapidnav.stall.ms": {
      "p50": 8.600000001490116,
      "p95": 61.600000001490116,
      "p99": 61.600000001490116,
      "n": 17,
      "mean": 18.49999999956173,
      "max": 64
    },
    "api.goal.agents.fetch": {
      "p50": 4.799999997019768,
      "p95": 914.8000000044703,
      "p99": 914.8000000044703,
      "n": 4,
      "mean": 483.55000000074506,
      "max": 1010.3000000044703
    },
    "nav.click": {
      "p50": 1.6000000014901161,
      "p95": 2.2999999970197678,
      "p99": 2.5,
      "n": 61,
      "mean": 1.662295081942785,
      "max": 2.600000001490116
    },
    "reducer.rehydrate": {
      "p50": 0.20000000298023224,
      "p95": 0.30000000447034836,
      "p99": 0.3999999985098839,
      "n": 48,
      "mean": 0.21041666623204947,
      "max": 0.3999999985098839
    }
  }
}