{
  "commit": "552fb246b4b409002fd9c0aa46cfa3fca9e92672",
  "parentCommit": "2868463d71cb9ca28b3ef0e6ae4e4663d7d26bff",
  "branch": "goal-goal-profile-si-320532b0-coder-994f91d0",
  "timestamp": "2026-05-14T09:17:17.411Z",
  "seededSessions": 32,
  "fixtureSize": "medium",
  "msgsPerSession": 50,
  "perfFlags": null,
  "tag": "opt-f-off-3",
  "kind": "experiment",
  "spans": {
    "nav.goal.cold": {
      "p50": 1771.5,
      "p95": 1771.5,
      "p99": 1771.5,
      "n": 1,
      "mean": 1771.5,
      "max": 1771.5
    },
    "nav.session.cold": {
      "p50": 335.8999999985099,
      "p95": 335.8999999985099,
      "p99": 335.8999999985099,
      "n": 1,
      "mean": 335.8999999985099,
      "max": 335.8999999985099
    },
    "rapidnav.keystroke.uncached": {
      "p50": 124.89999999850988,
      "p95": 153.5,
      "p99": 153.5,
      "n": 20,
      "mean": 122.525,
      "max": 154.10000000149012
    },
    "rapidnav.keystroke.cached": {
      "p50": 120.29999999701977,
      "p95": 150.39999999850988,
      "p99": 150.39999999850988,
      "n": 20,
      "mean": 120.74000000022352,
      "max": 155.79999999701977
    },
    "nav.session.ready": {
      "p50": 115.10000000149012,
      "p95": 153.5,
      "p99": 155.79999999701977,
      "n": 60,
      "mean": 108.95000000037253,
      "max": 172
    },
    "rapidnav.gap": {
      "p50": 54.79999999701977,
      "p95": 84.39999999850988,
      "p99": 84.39999999850988,
      "n": 19,
      "mean": 57.28421052545309,
      "max": 119
    },
    "api.session.fetch": {
      "p50": 48.20000000298023,
      "p95": 248.20000000298023,
      "p99": 253.39999999850988,
      "n": 130,
      "mean": 77.86692307734718,
      "max": 256.70000000298023
    },
    "ws.attach": {
      "p50": 46.20000000298023,
      "p95": 61.399999998509884,
      "p99": 62,
      "n": 51,
      "mean": 42.48039215686274,
      "max": 70.89999999850988
    },
    "api.goal.fetch": {
      "p50": 34.70000000298023,
      "p95": 34.70000000298023,
      "p99": 34.70000000298023,
      "n": 3,
      "mean": 36.03333333631357,
      "max": 56.100000001490116
    },
    "nav.goal.ready": {
      "p50": 30.099999994039536,
      "p95": 30.099999994039536,
      "p99": 30.099999994039536,
      "n": 2,
      "mean": 62.19999999552965,
      "max": 94.29999999701977
    },
    "paint.first": {
      "p50": 24.69999999552965,
      "p95": 48.100000001490116,
      "p99": 56.79999999701977,
      "n": 190,
      "mean": 28.141578947399793,
      "max": 63.900000005960464
    },
    "api.goal.gates.fetch": {
      "p50": 22.19999999552965,
      "p95": 35.29999999701977,
      "p99": 35.29999999701977,
      "n": 9,
      "mean": 23.044444444278877,
      "max": 56.5
    },
    "api.goal.agents.fetch": {
      "p50": 14.199999995529652,
      "p95": 34.70000000298023,
      "p99": 34.70000000298023,
      "n": 8,
      "mean": 19.33750000037253,
      "max": 56.79999999701977
    },
    "rapidnav.stall.ms": {
      "p50": 4.100000001490116,
      "p95": 8,
      "p99": 8,
      "n": 17,
      "mean": 4.86470588208998,
      "max": 16.80000000447035
    },
    "nav.click": {
      "p50": 1.7000000029802322,
      "p95": 2.4000000059604645,
      "p99": 3.1999999955296516,
      "n": 62,
      "mean": 1.766129031777382,
      "max": 4.399999998509884
    },
    "reducer.rehydrate": {
      "p50": 0.20000000298023224,
      "p95": 0.30000000447034836,
      "p99": 0.30000000447034836,
      "n": 50,
      "mean": 0.19400000005960463,
      "max": 0.3999999985098839
    }
  }
}