{
  "commit": "552fb246b4b409002fd9c0aa46cfa3fca9e92672",
  "parentCommit": "2868463d71cb9ca28b3ef0e6ae4e4663d7d26bff",
  "branch": "goal-goal-profile-si-320532b0-coder-994f91d0",
  "timestamp": "2026-05-14T09:14:20.341Z",
  "seededSessions": 32,
  "fixtureSize": "medium",
  "msgsPerSession": 50,
  "perfFlags": null,
  "tag": "opt-f-off-1",
  "kind": "experiment",
  "spans": {
    "nav.goal.cold": {
      "p50": 1787.3999999985099,
      "p95": 1787.3999999985099,
      "p99": 1787.3999999985099,
      "n": 1,
      "mean": 1787.3999999985099,
      "max": 1787.3999999985099
    },
    "nav.session.cold": {
      "p50": 375,
      "p95": 375,
      "p99": 375,
      "n": 1,
      "mean": 375,
      "max": 375
    },
    "rapidnav.keystroke.cached": {
      "p50": 120.19999999552965,
      "p95": 165.40000000596046,
      "p99": 165.40000000596046,
      "n": 20,
      "mean": 122.71000000014901,
      "max": 182.79999999701977
    },
    "rapidnav.keystroke.uncached": {
      "p50": 116.5,
      "p95": 154,
      "p99": 154,
      "n": 20,
      "mean": 121.97499999925495,
      "max": 156.20000000298023
    },
    "nav.session.ready": {
      "p50": 107.5,
      "p95": 156.20000000298023,
      "p99": 177.30000000447035,
      "n": 60,
      "mean": 106.85333333313466,
      "max": 182.79999999701977
    },
    "rapidnav.gap": {
      "p50": 70.09999999403954,
      "p95": 97.5,
      "p99": 97.5,
      "n": 19,
      "mean": 62.86842105302372,
      "max": 102.10000000149012
    },
    "ws.attach": {
      "p50": 46,
      "p95": 57.399999998509884,
      "p99": 58,
      "n": 51,
      "mean": 42.74313725531101,
      "max": 60.20000000298023
    },
    "api.session.fetch": {
      "p50": 44.899999998509884,
      "p95": 59.80000000447035,
      "p99": 61.5,
      "n": 130,
      "mean": 45.849999999828064,
      "max": 63.29999999701977
    },
    "api.goal.fetch": {
      "p50": 35.19999999552965,
      "p95": 35.19999999552965,
      "p99": 35.19999999552965,
      "n": 3,
      "mean": 38.233333334326744,
      "max": 65.60000000149012
    },
    "nav.goal.ready": {
      "p50": 29.19999999552965,
      "p95": 29.19999999552965,
      "p99": 29.19999999552965,
      "n": 2,
      "mean": 68.29999999701977,
      "max": 107.39999999850988
    },
    "api.goal.gates.fetch": {
      "p50": 25.600000001490116,
      "p95": 191.30000000447035,
      "p99": 191.30000000447035,
      "n": 9,
      "mean": 63.555555556383396,
      "max": 195.90000000596046
    },
    "paint.first": {
      "p50": 24.69999999552965,
      "p95": 45.899999998509884,
      "p99": 59.899999998509884,
      "n": 185,
      "mean": 28.175135135328446,
      "max": 64.20000000298023
    },
    "api.goal.agents.fetch": {
      "p50": 14,
      "p95": 35,
      "p99": 35,
      "n": 8,
      "mean": 22.137500000186265,
      "max": 65.29999999701977
    },
    "rapidnav.stall.ms": {
      "p50": 3,
      "p95": 52.899999998509884,
      "p99": 52.899999998509884,
      "n": 17,
      "mean": 11.458823528359918,
      "max": 60.29999999701977
    },
    "nav.click": {
      "p50": 1.6999999955296516,
      "p95": 2.2000000029802322,
      "p99": 2.7999999970197678,
      "n": 62,
      "mean": 1.7064516130954988,
      "max": 3.600000001490116
    },
    "reducer.rehydrate": {
      "p50": 0.19999999552965164,
      "p95": 0.29999999701976776,
      "p99": 0.30000000447034836,
      "n": 51,
      "mean": 0.1823529415563041,
      "max": 0.4000000059604645
    }
  }
}