{
  "commit": "552fb246b4b409002fd9c0aa46cfa3fca9e92672",
  "parentCommit": "2868463d71cb9ca28b3ef0e6ae4e4663d7d26bff",
  "branch": "goal-goal-profile-si-320532b0-coder-994f91d0",
  "timestamp": "2026-05-14T09:20:15.931Z",
  "seededSessions": 32,
  "fixtureSize": "medium",
  "msgsPerSession": 50,
  "perfFlags": null,
  "tag": "opt-f-off-4",
  "kind": "experiment",
  "spans": {
    "nav.goal.cold": {
      "p50": 1744.3000000044703,
      "p95": 1744.3000000044703,
      "p99": 1744.3000000044703,
      "n": 1,
      "mean": 1744.3000000044703,
      "max": 1744.3000000044703
    },
    "nav.session.cold": {
      "p50": 272.80000000447035,
      "p95": 272.80000000447035,
      "p99": 272.80000000447035,
      "n": 1,
      "mean": 272.80000000447035,
      "max": 272.80000000447035
    },
    "rapidnav.keystroke.cached": {
      "p50": 130.89999999850988,
      "p95": 174.60000000149012,
      "p99": 174.60000000149012,
      "n": 20,
      "mean": 131.285000000149,
      "max": 187
    },
    "rapidnav.keystroke.uncached": {
      "p50": 122.69999999552965,
      "p95": 175.5,
      "p99": 175.5,
      "n": 20,
      "mean": 132.770000000298,
      "max": 215
    },
    "nav.session.ready": {
      "p50": 118.90000000596046,
      "p95": 174.60000000149012,
      "p99": 187,
      "n": 60,
      "mean": 113.89333333348235,
      "max": 215
    },
    "rapidnav.gap": {
      "p50": 68.39999999850988,
      "p95": 84.70000000298023,
      "p99": 84.70000000298023,
      "n": 18,
      "mean": 62.04444444510672,
      "max": 88
    },
    "ws.attach": {
      "p50": 44.899999998509884,
      "p95": 59,
      "p99": 67.19999999552965,
      "n": 51,
      "mean": 42.97450980368782,
      "max": 73.20000000298023
    },
    "api.session.fetch": {
      "p50": 41.5,
      "p95": 63.600000001490116,
      "p99": 69.19999999552965,
      "n": 129,
      "mean": 43.404651163044825,
      "max": 73.30000000447035
    },
    "nav.goal.ready": {
      "p50": 34.899999998509884,
      "p95": 34.899999998509884,
      "p99": 34.899999998509884,
      "n": 2,
      "mean": 58.94999999925494,
      "max": 83
    },
    "api.goal.gates.fetch": {
      "p50": 28.600000001490116,
      "p95": 40.20000000298023,
      "p99": 42,
      "n": 24,
      "mean": 26.63749999956538,
      "max": 74.10000000149012
    },
    "paint.first": {
      "p50": 24.899999998509884,
      "p95": 52.100000001490116,
      "p99": 74.90000000596046,
      "n": 196,
      "mean": 28.60102040803402,
      "max": 99.60000000149012
    },
    "api.goal.fetch": {
      "p50": 14.5,
      "p95": 14.5,
      "p99": 14.5,
      "n": 3,
      "mean": 33.93333333233992,
      "max": 73.79999999701977
    },
    "api.goal.agents.fetch": {
      "p50": 7.100000001490116,
      "p95": 15.899999998509884,
      "p99": 15.899999998509884,
      "n": 8,
      "mean": 17.75,
      "max": 74.30000000447035
    },
    "rapidnav.stall.ms": {
      "p50": 3.899999998509884,
      "p95": 64.89999999850988,
      "p99": 64.89999999850988,
      "n": 18,
      "mean": 15.227777777860561,
      "max": 67.30000000447035
    },
    "nav.click": {
      "p50": 1.5,
      "p95": 2.100000001490116,
      "p99": 2.2999999970197678,
      "n": 62,
      "mean": 1.5790322579203113,
      "max": 3.4000000059604645
    },
    "reducer.rehydrate": {
      "p50": 0.19999999552965164,
      "p95": 0.30000000447034836,
      "p99": 0.3999999985098839,
      "n": 49,
      "mean": 0.18775510240574272,
      "max": 0.4000000059604645
    }
  }
}