{
  "commit": "552fb246b4b409002fd9c0aa46cfa3fca9e92672",
  "parentCommit": "2868463d71cb9ca28b3ef0e6ae4e4663d7d26bff",
  "branch": "goal-goal-profile-si-320532b0-coder-994f91d0",
  "timestamp": "2026-05-14T09:28:02.797Z",
  "seededSessions": 32,
  "fixtureSize": "medium",
  "msgsPerSession": 50,
  "perfFlags": "deferWsAttach",
  "tag": "opt-f-on-4",
  "kind": "experiment",
  "spans": {
    "nav.goal.cold": {
      "p50": 1804,
      "p95": 1804,
      "p99": 1804,
      "n": 1,
      "mean": 1804,
      "max": 1804
    },
    "nav.session.cold": {
      "p50": 344.59999999403954,
      "p95": 344.59999999403954,
      "p99": 344.59999999403954,
      "n": 1,
      "mean": 344.59999999403954,
      "max": 344.59999999403954
    },
    "rapidnav.keystroke.uncached": {
      "p50": 125.10000000149012,
      "p95": 191.39999999850988,
      "p99": 191.39999999850988,
      "n": 20,
      "mean": 134.52999999970197,
      "max": 220
    },
    "rapidnav.keystroke.cached": {
      "p50": 117.5,
      "p95": 174.59999999403954,
      "p99": 174.59999999403954,
      "n": 20,
      "mean": 121.77999999970197,
      "max": 192.90000000596046
    },
    "nav.session.ready": {
      "p50": 106.79999999701977,
      "p95": 174.59999999403954,
      "p99": 192.90000000596046,
      "n": 60,
      "mean": 110.45166666656732,
      "max": 220
    },
    "ws.attach": {
      "p50": 59.100000001490116,
      "p95": 71.79999999701977,
      "p99": 81.10000000149012,
      "n": 51,
      "mean": 56.82745098059668,
      "max": 86.69999999552965
    },
    "rapidnav.gap": {
      "p50": 58.19999999552965,
      "p95": 102.5,
      "p99": 102.5,
      "n": 19,
      "mean": 60.50526315758103,
      "max": 103.70000000298023
    },
    "api.session.fetch": {
      "p50": 55.69999999552965,
      "p95": 261.8999999985099,
      "p99": 263.6000000014901,
      "n": 130,
      "mean": 71.80307692340934,
      "max": 271.8999999985099
    },
    "nav.goal.ready": {
      "p50": 31.899999998509884,
      "p95": 31.899999998509884,
      "p99": 31.899999998509884,
      "n": 2,
      "mean": 70.55000000074506,
      "max": 109.20000000298023
    },
    "paint.first": {
      "p50": 23.399999998509884,
      "p95": 51.899999998509884,
      "p99": 69.39999999850988,
      "n": 218,
      "mean": 27.38165137581869,
      "max": 78.09999999403954
    },
    "api.goal.fetch": {
      "p50": 22.80000000447035,
      "p95": 22.80000000447035,
      "p99": 22.80000000447035,
      "n": 3,
      "mean": 23.966666668653488,
      "max": 32.5
    },
    "api.goal.gates.fetch": {
      "p50": 16.299999997019768,
      "p95": 36,
      "p99": 36,
      "n": 9,
      "mean": 18.699999998841022,
      "max": 39
    },
    "rapidnav.stall.ms": {
      "p50": 4.9000000059604645,
      "p95": 56.30000000447035,
      "p99": 56.30000000447035,
      "n": 17,
      "mean": 14.705882352941176,
      "max": 65.69999999552965
    },
    "api.goal.agents.fetch": {
      "p50": 4.399999998509884,
      "p95": 22.899999998509884,
      "p99": 22.899999998509884,
      "n": 8,
      "mean": 12.862499999813735,
      "max": 32.600000001490116
    },
    "nav.click": {
      "p50": 1.7000000029802322,
      "p95": 2.5,
      "p99": 2.8000000044703484,
      "n": 62,
      "mean": 1.7306451616027663,
      "max": 3.5
    },
    "reducer.rehydrate": {
      "p50": 0.19999999552965164,
      "p95": 0.30000000447034836,
      "p99": 0.3999999985098839,
      "n": 50,
      "mean": 0.18600000008940698,
      "max": 0.5
    }
  }
}