{
  "commit": "606833ce8450de2d2297c28d0516ae99a812bb64",
  "parentCommit": "b12657fc8b61a5eae4a452cc2c39d6337015e7ef",
  "branch": "goal-goal-profile-si-320532b0-coder-2d3a1424",
  "timestamp": "2026-05-14T06:54:51.464Z",
  "seededSessions": 32,
  "fixtureSize": "medium",
  "msgsPerSession": 50,
  "perfFlags": "parallelGoalFetches",
  "tag": "opt-d-on-1",
  "spans": {
    "nav.goal.cold": {
      "p50": 1836.3999999985099,
      "p95": 1836.3999999985099,
      "p99": 1836.3999999985099,
      "n": 1,
      "mean": 1836.3999999985099,
      "max": 1836.3999999985099
    },
    "nav.session.cold": {
      "p50": 554.8999999985099,
      "p95": 554.8999999985099,
      "p99": 554.8999999985099,
      "n": 1,
      "mean": 554.8999999985099,
      "max": 554.8999999985099
    },
    "rapidnav.keystroke.cached": {
      "p50": 223.5,
      "p95": 266,
      "p99": 266,
      "n": 20,
      "mean": 195.82499999962747,
      "max": 285.70000000298023
    },
    "rapidnav.keystroke.uncached": {
      "p50": 208,
      "p95": 248.89999999850988,
      "p99": 248.89999999850988,
      "n": 20,
      "mean": 197.11999999918044,
      "max": 310
    },
    "nav.session.ready": {
      "p50": 183,
      "p95": 266,
      "p99": 285.70000000298023,
      "n": 60,
      "mean": 175.364999999851,
      "max": 310
    },
    "api.session.fetch": {
      "p50": 78.20000000298023,
      "p95": 118.10000000149012,
      "p99": 119.30000000447035,
      "n": 130,
      "mean": 81.98615384594753,
      "max": 122.29999999701977
    },
    "ws.attach": {
      "p50": 72.10000000149012,
      "p95": 97.29999999701977,
      "p99": 104,
      "n": 51,
      "mean": 68.80000000067201,
      "max": 114.79999999701977
    },
    "nav.goal.ready": {
      "p50": 46.80000000447035,
      "p95": 46.80000000447035,
      "p99": 46.80000000447035,
      "n": 2,
      "mean": 80.40000000223517,
      "max": 114
    },
    "paint.first": {
      "p50": 34.100000001490116,
      "p95": 86.60000000149012,
      "p99": 98.60000000149012,
      "n": 209,
      "mean": 41.13062200948382,
      "max": 141.39999999850988
    },
    "api.goal.fetch": {
      "p50": 32.69999999552965,
      "p95": 32.69999999552965,
      "p99": 32.69999999552965,
      "n": 3,
      "mean": 42.199999998013176,
      "max": 65.5
    },
    "api.goal.gates.fetch": {
      "p50": 31.600000001490116,
      "p95": 40.80000000447035,
      "p99": 40.80000000447035,
      "n": 9,
      "mean": 31.25555555522442,
      "max": 66.10000000149012
    },
    "api.goal.agents.fetch": {
      "p50": 30,
      "p95": 65.79999999701977,
      "p99": 65.79999999701977,
      "n": 8,
      "mean": 35.61250000074506,
      "max": 70.30000000447035
    },
    "rapidnav.gap": {
      "p50": 24.30000000447035,
      "p95": 33.100000001490116,
      "p99": 33.100000001490116,
      "n": 8,
      "mean": 23.84999999962747,
      "max": 40.69999999552965
    },
    "rapidnav.stall.ms": {
      "p50": 7.700000002980232,
      "p95": 87.20000000298023,
      "p99": 97.79999999701977,
      "n": 28,
      "mean": 20.446428571694664,
      "max": 100.69999999552965
    },
    "nav.click": {
      "p50": 3,
      "p95": 5.199999995529652,
      "p99": 5.9000000059604645,
      "n": 62,
      "mean": 3.0516129031537043,
      "max": 7.299999997019768
    },
    "reducer.rehydrate": {
      "p50": 0.20000000298023224,
      "p95": 0.5,
      "p99": 0.6000000014901161,
      "n": 49,
      "mean": 0.2816326531524561,
      "max": 0.6000000014901161
    }
  }
}