{
  "commit": "606833ce8450de2d2297c28d0516ae99a812bb64",
  "parentCommit": "b12657fc8b61a5eae4a452cc2c39d6337015e7ef",
  "branch": "goal-goal-profile-si-320532b0-coder-2d3a1424",
  "timestamp": "2026-05-14T06:53:03.960Z",
  "seededSessions": 32,
  "fixtureSize": "medium",
  "msgsPerSession": 50,
  "perfFlags": null,
  "tag": "opt-d-off-1",
  "spans": {
    "nav.goal.cold": {
      "p50": 1915.8999999985099,
      "p95": 1915.8999999985099,
      "p99": 1915.8999999985099,
      "n": 1,
      "mean": 1915.8999999985099,
      "max": 1915.8999999985099
    },
    "nav.session.cold": {
      "p50": 555.5,
      "p95": 555.5,
      "p99": 555.5,
      "n": 1,
      "mean": 555.5,
      "max": 555.5
    },
    "rapidnav.keystroke.uncached": {
      "p50": 218.20000000298023,
      "p95": 244.69999999552965,
      "p99": 244.69999999552965,
      "n": 20,
      "mean": 200.7,
      "max": 261
    },
    "rapidnav.keystroke.cached": {
      "p50": 212.09999999403954,
      "p95": 249.30000000447035,
      "p99": 249.30000000447035,
      "n": 20,
      "mean": 199.42999999932945,
      "max": 280.1000000014901
    },
    "nav.session.ready": {
      "p50": 195.5,
      "p95": 244.69999999552965,
      "p99": 261,
      "n": 60,
      "mean": 178.1550000000745,
      "max": 280.1000000014901
    },
    "api.session.fetch": {
      "p50": 75.59999999403954,
      "p95": 440.5,
      "p99": 446.70000000298023,
      "n": 130,
      "mean": 101.27769230770377,
      "max": 456.30000000447035
    },
    "ws.attach": {
      "p50": 74.70000000298023,
      "p95": 88.60000000149012,
      "p99": 90.39999999850988,
      "n": 51,
      "mean": 69.7000000004967,
      "max": 94
    },
    "api.goal.fetch": {
      "p50": 45.79999999701977,
      "p95": 45.79999999701977,
      "p99": 45.79999999701977,
      "n": 3,
      "mean": 41.86666666716337,
      "max": 50.400000005960464
    },
    "nav.goal.ready": {
      "p50": 43.5,
      "p95": 43.5,
      "p99": 43.5,
      "n": 2,
      "mean": 82.5,
      "max": 121.5
    },
    "paint.first": {
      "p50": 35.899999998509884,
      "p95": 86.20000000298023,
      "p99": 97,
      "n": 208,
      "mean": 41.4658653847515,
      "max": 104
    },
    "api.goal.gates.fetch": {
      "p50": 28.900000005960464,
      "p95": 49.69999999552965,
      "p99": 49.69999999552965,
      "n": 9,
      "mean": 29.677777778771187,
      "max": 53.79999999701977
    },
    "rapidnav.gap": {
      "p50": 28.299999997019768,
      "p95": 35.900000005960464,
      "p99": 35.900000005960464,
      "n": 12,
      "mean": 29.05833333482345,
      "max": 45.30000000447035
    },
    "rapidnav.stall.ms": {
      "p50": 11.899999998509884,
      "p95": 100.19999999552965,
      "p99": 101.39999999850988,
      "n": 24,
      "mean": 27.04583333339542,
      "max": 102.79999999701977
    },
    "api.goal.agents.fetch": {
      "p50": 5.799999997019768,
      "p95": 45.399999998509884,
      "p99": 45.399999998509884,
      "n": 11,
      "mean": 16.427272726189006,
      "max": 51.20000000298023
    },
    "nav.click": {
      "p50": 2.7999999970197678,
      "p95": 4.300000004470348,
      "p99": 5.199999995529652,
      "n": 62,
      "mean": 2.911290322700816,
      "max": 5.800000004470348
    },
    "reducer.rehydrate": {
      "p50": 0.20000000298023224,
      "p95": 0.3999999985098839,
      "p99": 0.3999999985098839,
      "n": 50,
      "mean": 0.2520000001788139,
      "max": 0.3999999985098839
    }
  },
  "kind": "experiment",
  "experimentTag": "opt-d",
  "experimentCondition": "off"
}
