{
  "commit": "606833ce8450de2d2297c28d0516ae99a812bb64",
  "parentCommit": "b12657fc8b61a5eae4a452cc2c39d6337015e7ef",
  "branch": "goal-goal-profile-si-320532b0-coder-2d3a1424",
  "timestamp": "2026-05-14T06:48:19.737Z",
  "seededSessions": 32,
  "fixtureSize": "medium",
  "msgsPerSession": 50,
  "perfFlags": null,
  "tag": "opt-d-off",
  "spans": {
    "nav.goal.cold": {
      "p50": 2270.5,
      "p95": 2270.5,
      "p99": 2270.5,
      "n": 1,
      "mean": 2270.5,
      "max": 2270.5
    },
    "nav.session.cold": {
      "p50": 374.30000000447035,
      "p95": 374.30000000447035,
      "p99": 374.30000000447035,
      "n": 1,
      "mean": 374.30000000447035,
      "max": 374.30000000447035
    },
    "rapidnav.keystroke.uncached": {
      "p50": 186.29999999701977,
      "p95": 232,
      "p99": 232,
      "n": 20,
      "mean": 192.3999999988824,
      "max": 278.6000000014901
    },
    "nav.session.ready": {
      "p50": 166.40000000596046,
      "p95": 230.69999999552965,
      "p99": 278.6000000014901,
      "n": 60,
      "mean": 150.6349999996523,
      "max": 292.59999999403954
    },
    "rapidnav.keystroke.cached": {
      "p50": 165.89999999850988,
      "p95": 211.09999999403954,
      "p99": 211.09999999403954,
      "n": 20,
      "mean": 156.1250000011176,
      "max": 211.60000000149012
    },
    "api.goal.gates.fetch": {
      "p50": 133.29999999701977,
      "p95": 734.1000000014901,
      "p99": 734.1000000014901,
      "n": 8,
      "mean": 289.9999999990687,
      "max": 787.8999999985099
    },
    "api.session.fetch": {
      "p50": 100.39999999850988,
      "p95": 769.7999999970198,
      "p99": 826.5,
      "n": 130,
      "mean": 293.8823076925599,
      "max": 891.1000000014901
    },
    "api.goal.agents.fetch": {
      "p50": 80.70000000298023,
      "p95": 612.6000000014901,
      "p99": 612.6000000014901,
      "n": 7,
      "mean": 227.95714285863298,
      "max": 745.6999999955297
    },
    "api.goal.fetch": {
      "p50": 66.5,
      "p95": 66.5,
      "p99": 66.5,
      "n": 2,
      "mean": 403.5,
      "max": 740.5
    },
    "ws.attach": {
      "p50": 61.80000000447035,
      "p95": 77.39999999850988,
      "p99": 82.69999999552965,
      "n": 51,
      "mean": 56.99215686262823,
      "max": 85.19999999552965
    },
    "paint.first": {
      "p50": 30.80000000447035,
      "p95": 71.60000000149012,
      "p99": 82.20000000298023,
      "n": 192,
      "mean": 35.38697916645712,
      "max": 159.19999999552965
    },
    "rapidnav.gap": {
      "p50": 28.299999997019768,
      "p95": 61.30000000447035,
      "p99": 61.30000000447035,
      "n": 16,
      "mean": 32.53125000046566,
      "max": 90.69999999552965
    },
    "nav.goal.ready": {
      "p50": 19.80000000447035,
      "p95": 19.80000000447035,
      "p99": 19.80000000447035,
      "n": 2,
      "mean": 189.70000000298023,
      "max": 359.6000000014901
    },
    "rapidnav.stall.ms": {
      "p50": 7.100000001490116,
      "p95": 83.10000000149012,
      "p99": 83.10000000149012,
      "n": 20,
      "mean": 19.66000000014901,
      "max": 102.69999999552965
    },
    "nav.click": {
      "p50": 2.2999999970197678,
      "p95": 3.899999998509884,
      "p99": 4.5,
      "n": 62,
      "mean": 2.3903225803327177,
      "max": 5
    },
    "reducer.rehydrate": {
      "p50": 0.20000000298023224,
      "p95": 0.30000000447034836,
      "p99": 0.5,
      "n": 49,
      "mean": 0.2367346940600142,
      "max": 0.6000000014901161
    }
  }
}