{
  "commit": "606833ce8450de2d2297c28d0516ae99a812bb64",
  "parentCommit": "b12657fc8b61a5eae4a452cc2c39d6337015e7ef",
  "branch": "goal-goal-profile-si-320532b0-coder-2d3a1424",
  "timestamp": "2026-05-14T06:59:48.412Z",
  "seededSessions": 32,
  "fixtureSize": "medium",
  "msgsPerSession": 50,
  "perfFlags": null,
  "tag": "opt-d-off-3",
  "spans": {
    "nav.goal.cold": {
      "p50": 1840.8999999985099,
      "p95": 1840.8999999985099,
      "p99": 1840.8999999985099,
      "n": 1,
      "mean": 1840.8999999985099,
      "max": 1840.8999999985099
    },
    "nav.session.cold": {
      "p50": 342.6000000014901,
      "p95": 342.6000000014901,
      "p99": 342.6000000014901,
      "n": 1,
      "mean": 342.6000000014901,
      "max": 342.6000000014901
    },
    "rapidnav.keystroke.cached": {
      "p50": 164,
      "p95": 195.90000000596046,
      "p99": 195.90000000596046,
      "n": 20,
      "mean": 154.12000000104308,
      "max": 208.20000000298023
    },
    "rapidnav.keystroke.uncached": {
      "p50": 146.80000000447035,
      "p95": 188.30000000447035,
      "p99": 188.30000000447035,
      "n": 20,
      "mean": 145.12000000029803,
      "max": 212.10000000149012
    },
    "nav.session.ready": {
      "p50": 133,
      "p95": 195.20000000298023,
      "p99": 208.20000000298023,
      "n": 60,
      "mean": 131.92166666748622,
      "max": 212.10000000149012
    },
    "api.session.fetch": {
      "p50": 68.39999999850988,
      "p95": 275.29999999701977,
      "p99": 279.19999999552965,
      "n": 130,
      "mean": 108.99769230771523,
      "max": 281.5
    },
    "ws.attach": {
      "p50": 53.69999999552965,
      "p95": 70.70000000298023,
      "p99": 71.5,
      "n": 51,
      "mean": 50.180392156629004,
      "max": 73.79999999701977
    },
    "rapidnav.gap": {
      "p50": 35.29999999701977,
      "p95": 73.80000000447035,
      "p99": 73.80000000447035,
      "n": 18,
      "mean": 42.222222220980456,
      "max": 77.10000000149012
    },
    "api.goal.fetch": {
      "p50": 32,
      "p95": 32,
      "p99": 32,
      "n": 3,
      "mean": 31.866666664679844,
      "max": 39.79999999701977
    },
    "nav.goal.ready": {
      "p50": 29.400000005960464,
      "p95": 29.400000005960464,
      "p99": 29.400000005960464,
      "n": 2,
      "mean": 71.00000000372529,
      "max": 112.60000000149012
    },
    "paint.first": {
      "p50": 27.5,
      "p95": 62.599999994039536,
      "p99": 78.90000000596046,
      "n": 198,
      "mean": 32.78181818202891,
      "max": 92.5
    },
    "api.goal.gates.fetch": {
      "p50": 25.200000002980232,
      "p95": 35.100000001490116,
      "p99": 35.100000001490116,
      "n": 9,
      "mean": 25.27777777777778,
      "max": 68.60000000149012
    },
    "api.goal.agents.fetch": {
      "p50": 9.699999995529652,
      "p95": 30.100000001490116,
      "p99": 30.100000001490116,
      "n": 11,
      "mean": 15.399999999864535,
      "max": 39.899999998509884
    },
    "rapidnav.stall.ms": {
      "p50": 7.200000002980232,
      "p95": 23.099999994039536,
      "p99": 23.099999994039536,
      "n": 18,
      "mean": 12.2277777766188,
      "max": 85.89999999850988
    },
    "nav.click": {
      "p50": 2.100000001490116,
      "p95": 2.899999998509884,
      "p99": 3.7000000029802322,
      "n": 62,
      "mean": 2.1532258071726367,
      "max": 3.7000000029802322
    },
    "reducer.rehydrate": {
      "p50": 0.20000000298023224,
      "p95": 0.3999999985098839,
      "p99": 0.3999999985098839,
      "n": 48,
      "mean": 0.21249999944120646,
      "max": 0.5
    }
  }
}