{
  "commit": "606833ce8450de2d2297c28d0516ae99a812bb64",
  "parentCommit": "b12657fc8b61a5eae4a452cc2c39d6337015e7ef",
  "branch": "goal-goal-profile-si-320532b0-coder-2d3a1424",
  "timestamp": "2026-05-14T06:50:07.927Z",
  "seededSessions": 32,
  "fixtureSize": "medium",
  "msgsPerSession": 50,
  "perfFlags": "parallelGoalFetches",
  "tag": "opt-d-on",
  "spans": {
    "nav.goal.cold": {
      "p50": 1848.8000000044703,
      "p95": 1848.8000000044703,
      "p99": 1848.8000000044703,
      "n": 1,
      "mean": 1848.8000000044703,
      "max": 1848.8000000044703
    },
    "nav.session.cold": {
      "p50": 419.69999999552965,
      "p95": 419.69999999552965,
      "p99": 419.69999999552965,
      "n": 1,
      "mean": 419.69999999552965,
      "max": 419.69999999552965
    },
    "rapidnav.keystroke.cached": {
      "p50": 146.60000000149012,
      "p95": 173,
      "p99": 173,
      "n": 20,
      "mean": 146.67000000029802,
      "max": 188.80000000447035
    },
    "rapidnav.keystroke.uncached": {
      "p50": 145.40000000596046,
      "p95": 225.90000000596046,
      "p99": 225.90000000596046,
      "n": 20,
      "mean": 163.43000000044702,
      "max": 262.70000000298023
    },
    "nav.session.ready": {
      "p50": 141.29999999701977,
      "p95": 215.20000000298023,
      "p99": 225.90000000596046,
      "n": 60,
      "mean": 137.90833333333333,
      "max": 262.70000000298023
    },
    "api.session.fetch": {
      "p50": 76.80000000447035,
      "p95": 314.29999999701977,
      "p99": 333.79999999701977,
      "n": 130,
      "mean": 101.72307692296229,
      "max": 337.6000000014901
    },
    "ws.attach": {
      "p50": 57.69999999552965,
      "p95": 72.5,
      "p99": 81.39999999850988,
      "n": 51,
      "mean": 50.53921568612842,
      "max": 89.39999999850988
    },
    "rapidnav.gap": {
      "p50": 35.79999999701977,
      "p95": 73,
      "p99": 73,
      "n": 17,
      "mean": 40.39999999982469,
      "max": 76.80000000447035
    },
    "nav.goal.ready": {
      "p50": 31.299999997019768,
      "p95": 31.299999997019768,
      "p99": 31.299999997019768,
      "n": 2,
      "mean": 74.09999999776483,
      "max": 116.89999999850988
    },
    "paint.first": {
      "p50": 28.899999998509884,
      "p95": 67.59999999403954,
      "p99": 77.10000000149012,
      "n": 203,
      "mean": 34.14334975351841,
      "max": 106.39999999850988
    },
    "api.goal.fetch": {
      "p50": 25.200000002980232,
      "p95": 25.200000002980232,
      "p99": 25.200000002980232,
      "n": 3,
      "mean": 26.100000001490116,
      "max": 30.600000001490116
    },
    "api.goal.gates.fetch": {
      "p50": 24.30000000447035,
      "p95": 30.399999998509884,
      "p99": 30.399999998509884,
      "n": 9,
      "mean": 22.844444445437855,
      "max": 48.30000000447035
    },
    "api.goal.agents.fetch": {
      "p50": 21.899999998509884,
      "p95": 29.19999999552965,
      "p99": 29.19999999552965,
      "n": 8,
      "mean": 20.66249999869615,
      "max": 30.899999998509884
    },
    "rapidnav.stall.ms": {
      "p50": 3.100000001490116,
      "p95": 7.600000001490116,
      "p99": 7.600000001490116,
      "n": 19,
      "mean": 4.799999999372583,
      "max": 23.100000001490116
    },
    "nav.click": {
      "p50": 2.1999999955296516,
      "p95": 3.2000000029802322,
      "p99": 3.600000001490116,
      "n": 62,
      "mean": 2.2306451607615716,
      "max": 3.7999999970197678
    },
    "reducer.rehydrate": {
      "p50": 0.20000000298023224,
      "p95": 0.30000000447034836,
      "p99": 0.4000000059604645,
      "n": 50,
      "mean": 0.19600000083446503,
      "max": 0.5
    }
  },
  "kind": "experiment",
  "experimentTag": "opt-d",
  "experimentCondition": "on"
}
