{
  "commit": "606833ce8450de2d2297c28d0516ae99a812bb64",
  "parentCommit": "b12657fc8b61a5eae4a452cc2c39d6337015e7ef",
  "branch": "goal-goal-profile-si-320532b0-coder-2d3a1424",
  "timestamp": "2026-05-14T07:01:21.150Z",
  "seededSessions": 32,
  "fixtureSize": "medium",
  "msgsPerSession": 50,
  "perfFlags": "parallelGoalFetches",
  "tag": "opt-d-on-3",
  "spans": {
    "nav.goal.cold": {
      "p50": 1781.1999999955297,
      "p95": 1781.1999999955297,
      "p99": 1781.1999999955297,
      "n": 1,
      "mean": 1781.1999999955297,
      "max": 1781.1999999955297
    },
    "nav.session.cold": {
      "p50": 353,
      "p95": 353,
      "p99": 353,
      "n": 1,
      "mean": 353,
      "max": 353
    },
    "rapidnav.keystroke.uncached": {
      "p50": 169.70000000298023,
      "p95": 206.89999999850988,
      "p99": 206.89999999850988,
      "n": 20,
      "mean": 163.1,
      "max": 229.69999999552965
    },
    "rapidnav.keystroke.cached": {
      "p50": 169.30000000447035,
      "p95": 206.19999999552965,
      "p99": 206.19999999552965,
      "n": 20,
      "mean": 169.19500000067055,
      "max": 252.5
    },
    "nav.session.ready": {
      "p50": 148.29999999701977,
      "p95": 206.19999999552965,
      "p99": 229.69999999552965,
      "n": 60,
      "mean": 142.18666666684052,
      "max": 252.5
    },
    "api.session.fetch": {
      "p50": 61.899999998509884,
      "p95": 277.70000000298023,
      "p99": 288.70000000298023,
      "n": 130,
      "mean": 108.16615384605069,
      "max": 292.5
    },
    "ws.attach": {
      "p50": 61,
      "p95": 72.20000000298023,
      "p99": 73.10000000149012,
      "n": 51,
      "mean": 55.611764705940786,
      "max": 78.10000000149012
    },
    "rapidnav.gap": {
      "p50": 45.19999999552965,
      "p95": 73,
      "p99": 73,
      "n": 17,
      "mean": 43.535294117296445,
      "max": 76.79999999701977
    },
    "paint.first": {
      "p50": 30.5,
      "p95": 65.19999999552965,
      "p99": 76.5,
      "n": 203,
      "mean": 34.53793103427723,
      "max": 93
    },
    "nav.goal.ready": {
      "p50": 30.200000002980232,
      "p95": 30.200000002980232,
      "p99": 30.200000002980232,
      "n": 2,
      "mean": 68.20000000298023,
      "max": 106.20000000298023
    },
    "api.goal.fetch": {
      "p50": 29.299999997019768,
      "p95": 29.299999997019768,
      "p99": 29.299999997019768,
      "n": 3,
      "mean": 26.999999997516472,
      "max": 30.600000001490116
    },
    "api.goal.gates.fetch": {
      "p50": 21.600000001490116,
      "p95": 30,
      "p99": 30,
      "n": 9,
      "mean": 46.57777777810892,
      "max": 261.5
    },
    "api.goal.agents.fetch": {
      "p50": 21.600000001490116,
      "p95": 29.399999998509884,
      "p99": 29.399999998509884,
      "n": 8,
      "mean": 20.975000000558794,
      "max": 29.799999997019768
    },
    "rapidnav.stall.ms": {
      "p50": 6.399999998509884,
      "p95": 98.20000000298023,
      "p99": 98.20000000298023,
      "n": 19,
      "mean": 19.984210526080506,
      "max": 99.09999999403954
    },
    "nav.click": {
      "p50": 2.399999998509884,
      "p95": 3,
      "p99": 3.1999999955296516,
      "n": 62,
      "mean": 2.3548387095572485,
      "max": 3.7000000029802322
    },
    "reducer.rehydrate": {
      "p50": 0.20000000298023224,
      "p95": 0.3999999985098839,
      "p99": 0.4000000059604645,
      "n": 51,
      "mean": 0.2215686275386343,
      "max": 0.5999999940395355
    }
  },
  "kind": "experiment",
  "experimentTag": "opt-d",
  "experimentCondition": "on"
}
