{
  "commit": "606833ce8450de2d2297c28d0516ae99a812bb64",
  "parentCommit": "b12657fc8b61a5eae4a452cc2c39d6337015e7ef",
  "branch": "goal-goal-profile-si-320532b0-coder-2d3a1424",
  "timestamp": "2026-05-14T06:58:12.971Z",
  "seededSessions": 32,
  "fixtureSize": "medium",
  "msgsPerSession": 50,
  "perfFlags": "parallelGoalFetches",
  "tag": "opt-d-on-2",
  "spans": {
    "nav.goal.cold": {
      "p50": 1889.6000000014901,
      "p95": 1889.6000000014901,
      "p99": 1889.6000000014901,
      "n": 1,
      "mean": 1889.6000000014901,
      "max": 1889.6000000014901
    },
    "nav.session.cold": {
      "p50": 481.3999999985099,
      "p95": 481.3999999985099,
      "p99": 481.3999999985099,
      "n": 1,
      "mean": 481.3999999985099,
      "max": 481.3999999985099
    },
    "rapidnav.keystroke.uncached": {
      "p50": 211.10000000149012,
      "p95": 243,
      "p99": 243,
      "n": 20,
      "mean": 211.70999999977647,
      "max": 256
    },
    "nav.session.ready": {
      "p50": 196.89999999850988,
      "p95": 249.59999999403954,
      "p99": 256,
      "n": 60,
      "mean": 185.08499999977647,
      "max": 264.5
    },
    "rapidnav.keystroke.cached": {
      "p50": 196.89999999850988,
      "p95": 255,
      "p99": 255,
      "n": 20,
      "mean": 206.239999999851,
      "max": 264.5
    },
    "rapidnav.stall.ms": {
      "p50": 94.79999999701977,
      "p95": 106.89999999850988,
      "p99": 110.20000000298023,
      "n": 22,
      "mean": 66.21363636377183,
      "max": 113.20000000298023
    },
    "api.session.fetch": {
      "p50": 76.19999999552965,
      "p95": 161.70000000298023,
      "p99": 172,
      "n": 130,
      "mean": 85.63307692293938,
      "max": 184.59999999403954
    },
    "ws.attach": {
      "p50": 72.5,
      "p95": 83.20000000298023,
      "p99": 89.39999999850988,
      "n": 51,
      "mean": 65.89019607810998,
      "max": 93.10000000149012
    },
    "api.goal.fetch": {
      "p50": 61.79999999701977,
      "p95": 61.79999999701977,
      "p99": 61.79999999701977,
      "n": 3,
      "mean": 60.29999999950329,
      "max": 80
    },
    "nav.goal.ready": {
      "p50": 44.69999999552965,
      "p95": 44.69999999552965,
      "p99": 44.69999999552965,
      "n": 2,
      "mean": 79.59999999776483,
      "max": 114.5
    },
    "api.goal.agents.fetch": {
      "p50": 38.600000001490116,
      "p95": 80.10000000149012,
      "p99": 80.10000000149012,
      "n": 8,
      "mean": 48.18750000093132,
      "max": 88.39999999850988
    },
    "paint.first": {
      "p50": 35,
      "p95": 94.29999999701977,
      "p99": 103.20000000298023,
      "n": 200,
      "mean": 43.41600000016391,
      "max": 109.29999999701977
    },
    "api.goal.gates.fetch": {
      "p50": 28.899999998509884,
      "p95": 65.89999999850988,
      "p99": 65.89999999850988,
      "n": 9,
      "mean": 34.54444444593456,
      "max": 80.10000000149012
    },
    "rapidnav.gap": {
      "p50": 28.200000002980232,
      "p95": 42.19999999552965,
      "p99": 42.19999999552965,
      "n": 14,
      "mean": 28.214285714817898,
      "max": 58.70000000298023
    },
    "nav.click": {
      "p50": 2.9000000059604645,
      "p95": 4.100000001490116,
      "p99": 4.200000002980232,
      "n": 62,
      "mean": 2.920967741959518,
      "max": 5.100000001490116
    },
    "reducer.rehydrate": {
      "p50": 0.20000000298023224,
      "p95": 0.3999999985098839,
      "p99": 0.5,
      "n": 51,
      "mean": 0.25098039239060643,
      "max": 0.5
    }
  }
}