{
  "commit": "606833ce8450de2d2297c28d0516ae99a812bb64",
  "parentCommit": "b12657fc8b61a5eae4a452cc2c39d6337015e7ef",
  "branch": "goal-goal-profile-si-320532b0-coder-2d3a1424",
  "timestamp": "2026-05-14T06:56:31.652Z",
  "seededSessions": 32,
  "fixtureSize": "medium",
  "msgsPerSession": 50,
  "perfFlags": null,
  "tag": "opt-d-off-2",
  "spans": {
    "nav.goal.cold": {
      "p50": 1871.5,
      "p95": 1871.5,
      "p99": 1871.5,
      "n": 1,
      "mean": 1871.5,
      "max": 1871.5
    },
    "nav.session.cold": {
      "p50": 413.5,
      "p95": 413.5,
      "p99": 413.5,
      "n": 1,
      "mean": 413.5,
      "max": 413.5
    },
    "rapidnav.keystroke.cached": {
      "p50": 216.79999999701977,
      "p95": 262.79999999701977,
      "p99": 262.79999999701977,
      "n": 20,
      "mean": 211.55,
      "max": 341.40000000596046
    },
    "rapidnav.keystroke.uncached": {
      "p50": 211,
      "p95": 234.20000000298023,
      "p99": 234.20000000298023,
      "n": 20,
      "mean": 204.81999999955298,
      "max": 235
    },
    "nav.session.ready": {
      "p50": 196.5,
      "p95": 256.19999999552965,
      "p99": 262.79999999701977,
      "n": 60,
      "mean": 181.739999999851,
      "max": 341.40000000596046
    },
    "api.session.fetch": {
      "p50": 68.30000000447035,
      "p95": 86.59999999403954,
      "p99": 92.30000000447035,
      "n": 130,
      "mean": 67.3184615385647,
      "max": 94.29999999701977
    },
    "ws.attach": {
      "p50": 68.10000000149012,
      "p95": 85.89999999850988,
      "p99": 89.39999999850988,
      "n": 51,
      "mean": 62.90392156865667,
      "max": 103.29999999701977
    },
    "nav.goal.ready": {
      "p50": 36.79999999701977,
      "p95": 36.79999999701977,
      "p99": 36.79999999701977,
      "n": 2,
      "mean": 87.69999999925494,
      "max": 138.60000000149012
    },
    "paint.first": {
      "p50": 34.70000000298023,
      "p95": 89.20000000298023,
      "p99": 106.29999999701977,
      "n": 206,
      "mean": 43.14611650457226,
      "max": 141.79999999701977
    },
    "api.goal.gates.fetch": {
      "p50": 27.299999997019768,
      "p95": 35.29999999701977,
      "p99": 35.29999999701977,
      "n": 9,
      "mean": 24.25555555522442,
      "max": 48.399999998509884
    },
    "rapidnav.gap": {
      "p50": 26.400000005960464,
      "p95": 39.899999998509884,
      "p99": 39.899999998509884,
      "n": 13,
      "mean": 27.915384616989357,
      "max": 58.600000001490116
    },
    "api.goal.fetch": {
      "p50": 24.899999998509884,
      "p95": 24.899999998509884,
      "p99": 24.899999998509884,
      "n": 3,
      "mean": 32.600000001490116,
      "max": 48.20000000298023
    },
    "api.goal.agents.fetch": {
      "p50": 21.5,
      "p95": 31.5,
      "p99": 31.5,
      "n": 11,
      "mean": 18.627272727137264,
      "max": 48.29999999701977
    },
    "rapidnav.stall.ms": {
      "p50": 8.899999998509884,
      "p95": 105.10000000149012,
      "p99": 109.70000000298023,
      "n": 23,
      "mean": 44.09999999954648,
      "max": 114.69999999552965
    },
    "nav.click": {
      "p50": 3,
      "p95": 3.8000000044703484,
      "p99": 4.800000004470348,
      "n": 62,
      "mean": 2.954838709244805,
      "max": 5.899999998509884
    },
    "reducer.rehydrate": {
      "p50": 0.20000000298023224,
      "p95": 0.3999999985098839,
      "p99": 0.6000000014901161,
      "n": 50,
      "mean": 0.2660000002384186,
      "max": 1.1000000014901161
    }
  },
  "kind": "experiment",
  "experimentTag": "opt-d",
  "experimentCondition": "off"
}
