{
  "commit": "606833ce8450de2d2297c28d0516ae99a812bb64",
  "parentCommit": "b12657fc8b61a5eae4a452cc2c39d6337015e7ef",
  "branch": "goal-goal-profile-si-320532b0-coder-2d3a1424",
  "timestamp": "2026-05-14T07:04:30.749Z",
  "seededSessions": 32,
  "fixtureSize": "medium",
  "msgsPerSession": 50,
  "perfFlags": "parallelGoalFetches",
  "tag": "opt-d-on-4",
  "spans": {
    "nav.goal.cold": {
      "p50": 1838.5,
      "p95": 1838.5,
      "p99": 1838.5,
      "n": 1,
      "mean": 1838.5,
      "max": 1838.5
    },
    "nav.session.cold": {
      "p50": 359,
      "p95": 359,
      "p99": 359,
      "n": 1,
      "mean": 359,
      "max": 359
    },
    "rapidnav.keystroke.cached": {
      "p50": 186.60000000149012,
      "p95": 235.60000000149012,
      "p99": 235.60000000149012,
      "n": 20,
      "mean": 183.45000000037254,
      "max": 289.20000000298023
    },
    "rapidnav.keystroke.uncached": {
      "p50": 179.79999999701977,
      "p95": 211.80000000447035,
      "p99": 211.80000000447035,
      "n": 20,
      "mean": 175.99499999992548,
      "max": 245.29999999701977
    },
    "nav.session.ready": {
      "p50": 147.60000000149012,
      "p95": 228.29999999701977,
      "p99": 245.29999999701977,
      "n": 60,
      "mean": 153.76499999997517,
      "max": 289.20000000298023
    },
    "ws.attach": {
      "p50": 66.60000000149012,
      "p95": 86.60000000149012,
      "p99": 94,
      "n": 51,
      "mean": 62.67843137257824,
      "max": 126.70000000298023
    },
    "api.session.fetch": {
      "p50": 61.29999999701977,
      "p95": 251.30000000447035,
      "p99": 255.89999999850988,
      "n": 130,
      "mean": 100.56230769260571,
      "max": 257.8999999985099
    },
    "api.goal.fetch": {
      "p50": 42.100000001490116,
      "p95": 42.100000001490116,
      "p99": 42.100000001490116,
      "n": 3,
      "mean": 47.666666666666664,
      "max": 84.09999999403954
    },
    "nav.goal.ready": {
      "p50": 35.399999998509884,
      "p95": 35.399999998509884,
      "p99": 35.399999998509884,
      "n": 2,
      "mean": 75.80000000074506,
      "max": 116.20000000298023
    },
    "paint.first": {
      "p50": 32.099999994039536,
      "p95": 72.29999999701977,
      "p99": 91.5,
      "n": 201,
      "mean": 36.79203980123226,
      "max": 92.39999999850988
    },
    "rapidnav.gap": {
      "p50": 24.299999997019768,
      "p95": 60.20000000298023,
      "p99": 60.20000000298023,
      "n": 16,
      "mean": 28.956249999813735,
      "max": 61.79999999701977
    },
    "api.goal.gates.fetch": {
      "p50": 23.599999994039536,
      "p95": 55.399999998509884,
      "p99": 55.399999998509884,
      "n": 9,
      "mean": 28.75555555522442,
      "max": 83.89999999850988
    },
    "api.goal.agents.fetch": {
      "p50": 17.600000001490116,
      "p95": 83.90000000596046,
      "p99": 83.90000000596046,
      "n": 8,
      "mean": 39.07500000111759,
      "max": 84
    },
    "rapidnav.stall.ms": {
      "p50": 11.399999998509884,
      "p95": 94.20000000298023,
      "p99": 94.20000000298023,
      "n": 20,
      "mean": 24.645000000298023,
      "max": 95.20000000298023
    },
    "nav.click": {
      "p50": 2.399999998509884,
      "p95": 3.2999999970197678,
      "p99": 3.7999999970197678,
      "n": 62,
      "mean": 2.406451612590782,
      "max": 4.899999998509884
    },
    "reducer.rehydrate": {
      "p50": 0.20000000298023224,
      "p95": 0.3999999985098839,
      "p99": 0.3999999985098839,
      "n": 48,
      "mean": 0.252083333209157,
      "max": 1.0999999940395355
    }
  },
  "kind": "experiment",
  "experimentTag": "opt-d",
  "experimentCondition": "on"
}
