{
  "commit": "606833ce8450de2d2297c28d0516ae99a812bb64",
  "parentCommit": "b12657fc8b61a5eae4a452cc2c39d6337015e7ef",
  "branch": "goal-goal-profile-si-320532b0-coder-2d3a1424",
  "timestamp": "2026-05-14T07:02:54.360Z",
  "seededSessions": 32,
  "fixtureSize": "medium",
  "msgsPerSession": 50,
  "perfFlags": null,
  "tag": "opt-d-off-4",
  "spans": {
    "nav.goal.cold": {
      "p50": 1846.7000000029802,
      "p95": 1846.7000000029802,
      "p99": 1846.7000000029802,
      "n": 1,
      "mean": 1846.7000000029802,
      "max": 1846.7000000029802
    },
    "nav.session.cold": {
      "p50": 389.3999999985099,
      "p95": 389.3999999985099,
      "p99": 389.3999999985099,
      "n": 1,
      "mean": 389.3999999985099,
      "max": 389.3999999985099
    },
    "rapidnav.keystroke.cached": {
      "p50": 175.69999999552965,
      "p95": 237,
      "p99": 237,
      "n": 20,
      "mean": 180.74499999992548,
      "max": 255.90000000596046
    },
    "rapidnav.keystroke.uncached": {
      "p50": 169.5,
      "p95": 217.59999999403954,
      "p99": 217.59999999403954,
      "n": 20,
      "mean": 167.99499999992548,
      "max": 229.69999999552965
    },
    "nav.session.ready": {
      "p50": 154.89999999850988,
      "p95": 225.20000000298023,
      "p99": 237,
      "n": 60,
      "mean": 151.54499999980132,
      "max": 255.90000000596046
    },
    "api.session.fetch": {
      "p50": 66.59999999403954,
      "p95": 308.29999999701977,
      "p99": 312.20000000298023,
      "n": 130,
      "mean": 113.25076923043682,
      "max": 316.90000000596046
    },
    "ws.attach": {
      "p50": 59.900000005960464,
      "p95": 81.60000000149012,
      "p99": 85,
      "n": 51,
      "mean": 59.845098039391,
      "max": 96.5
    },
    "rapidnav.gap": {
      "p50": 45.399999998509884,
      "p95": 59.899999998509884,
      "p99": 59.899999998509884,
      "n": 13,
      "mean": 38.976923075432964,
      "max": 61.899999998509884
    },
    "paint.first": {
      "p50": 30.799999997019768,
      "p95": 67.89999999850988,
      "p99": 85.19999999552965,
      "n": 209,
      "mean": 35.60382775124608,
      "max": 118.19999999552965
    },
    "nav.goal.ready": {
      "p50": 30.200000002980232,
      "p95": 30.200000002980232,
      "p99": 30.200000002980232,
      "n": 2,
      "mean": 78.75,
      "max": 127.29999999701977
    },
    "api.goal.gates.fetch": {
      "p50": 24.19999999552965,
      "p95": 34.399999998509884,
      "p99": 34.399999998509884,
      "n": 9,
      "mean": 25.37777777761221,
      "max": 44.899999998509884
    },
    "api.goal.fetch": {
      "p50": 21.099999994039536,
      "p95": 21.099999994039536,
      "p99": 21.099999994039536,
      "n": 3,
      "mean": 25.466666663686436,
      "max": 34.899999998509884
    },
    "rapidnav.stall.ms": {
      "p50": 8.100000001490116,
      "p95": 91.59999999403954,
      "p99": 103.39999999850988,
      "n": 23,
      "mean": 23.995652173524316,
      "max": 106
    },
    "api.goal.agents.fetch": {
      "p50": 5.5,
      "p95": 21.100000001490116,
      "p99": 21.100000001490116,
      "n": 11,
      "mean": 11.663636364720084,
      "max": 34.899999998509884
    },
    "nav.click": {
      "p50": 2.2000000029802322,
      "p95": 3.399999998509884,
      "p99": 4,
      "n": 62,
      "mean": 2.3806451608336743,
      "max": 5
    },
    "reducer.rehydrate": {
      "p50": 0.20000000298023224,
      "p95": 0.3999999985098839,
      "p99": 0.5,
      "n": 49,
      "mean": 0.24897959098523978,
      "max": 0.6000000014901161
    }
  },
  "kind": "experiment",
  "experimentTag": "opt-d",
  "experimentCondition": "off"
}
