{
  "commit": "606833ce8450de2d2297c28d0516ae99a812bb64",
  "parentCommit": "b12657fc8b61a5eae4a452cc2c39d6337015e7ef",
  "branch": "goal-goal-profile-si-320532b0-coder-2d3a1424",
  "timestamp": "2026-05-14T07:06:07.902Z",
  "seededSessions": 32,
  "fixtureSize": "medium",
  "msgsPerSession": 50,
  "perfFlags": null,
  "tag": "opt-d-off-5",
  "spans": {
    "nav.goal.cold": {
      "p50": 1843.7000000029802,
      "p95": 1843.7000000029802,
      "p99": 1843.7000000029802,
      "n": 1,
      "mean": 1843.7000000029802,
      "max": 1843.7000000029802
    },
    "nav.session.cold": {
      "p50": 1279.6000000014901,
      "p95": 1279.6000000014901,
      "p99": 1279.6000000014901,
      "n": 1,
      "mean": 1279.6000000014901,
      "max": 1279.6000000014901
    },
    "rapidnav.keystroke.cached": {
      "p50": 180.80000000447035,
      "p95": 203.69999999552965,
      "p99": 203.69999999552965,
      "n": 20,
      "mean": 170.6749999985099,
      "max": 216.10000000149012
    },
    "rapidnav.keystroke.uncached": {
      "p50": 171.89999999850988,
      "p95": 228.5,
      "p99": 228.5,
      "n": 20,
      "mean": 165.6550000000745,
      "max": 229.89999999850988
    },
    "nav.session.ready": {
      "p50": 166,
      "p95": 225.20000000298023,
      "p99": 229.89999999850988,
      "n": 60,
      "mean": 152.00666666602095,
      "max": 316.19999999552965
    },
    "api.session.fetch": {
      "p50": 87.5,
      "p95": 350.29999999701977,
      "p99": 351.5,
      "n": 130,
      "mean": 142.8638461537086,
      "max": 401
    },
    "ws.attach": {
      "p50": 64,
      "p95": 76.30000000447035,
      "p99": 78.5,
      "n": 51,
      "mean": 58.50980392098427,
      "max": 88.39999999850988
    },
    "rapidnav.gap": {
      "p50": 35.600000001490116,
      "p95": 65.60000000149012,
      "p99": 65.60000000149012,
      "n": 17,
      "mean": 35.89411764723413,
      "max": 65.70000000298023
    },
    "api.goal.fetch": {
      "p50": 32.600000001490116,
      "p95": 32.600000001490116,
      "p99": 32.600000001490116,
      "n": 3,
      "mean": 46.90000000099341,
      "max": 89.30000000447035
    },
    "paint.first": {
      "p50": 30.799999997019768,
      "p95": 64.30000000447035,
      "p99": 76.09999999403954,
      "n": 203,
      "mean": 34.20147783261508,
      "max": 87.80000000447035
    },
    "api.goal.gates.fetch": {
      "p50": 28.899999998509884,
      "p95": 45.70000000298023,
      "p99": 45.70000000298023,
      "n": 9,
      "mean": 32.422222221063244,
      "max": 89.39999999850988
    },
    "nav.goal.ready": {
      "p50": 21.30000000447035,
      "p95": 21.30000000447035,
      "p99": 21.30000000447035,
      "n": 2,
      "mean": 51.30000000447035,
      "max": 81.30000000447035
    },
    "api.goal.agents.fetch": {
      "p50": 13.799999997019768,
      "p95": 32.70000000298023,
      "p99": 32.70000000298023,
      "n": 11,
      "mean": 21.381818181411788,
      "max": 89.29999999701977
    },
    "rapidnav.stall.ms": {
      "p50": 9.200000002980232,
      "p95": 22.899999998509884,
      "p99": 22.899999998509884,
      "n": 19,
      "mean": 13.200000000235281,
      "max": 83.69999999552965
    },
    "nav.click": {
      "p50": 2.2999999970197678,
      "p95": 3.2000000029802322,
      "p99": 4.0999999940395355,
      "n": 62,
      "mean": 2.3354838701986496,
      "max": 4.300000004470348
    },
    "reducer.rehydrate": {
      "p50": 0.20000000298023224,
      "p95": 0.4000000059604645,
      "p99": 0.5,
      "n": 48,
      "mean": 0.24791666710128388,
      "max": 0.5
    }
  }
}