{
  "commit": "606833ce8450de2d2297c28d0516ae99a812bb64",
  "parentCommit": "b12657fc8b61a5eae4a452cc2c39d6337015e7ef",
  "branch": "goal-goal-profile-si-320532b0-coder-2d3a1424",
  "timestamp": "2026-05-14T07:07:56.200Z",
  "seededSessions": 32,
  "fixtureSize": "medium",
  "msgsPerSession": 50,
  "perfFlags": "parallelGoalFetches",
  "tag": "opt-d-on-5",
  "spans": {
    "nav.goal.cold": {
      "p50": 1829.2999999970198,
      "p95": 1829.2999999970198,
      "p99": 1829.2999999970198,
      "n": 1,
      "mean": 1829.2999999970198,
      "max": 1829.2999999970198
    },
    "nav.session.cold": {
      "p50": 413.69999999552965,
      "p95": 413.69999999552965,
      "p99": 413.69999999552965,
      "n": 1,
      "mean": 413.69999999552965,
      "max": 413.69999999552965
    },
    "rapidnav.keystroke.cached": {
      "p50": 139.69999999552965,
      "p95": 178,
      "p99": 178,
      "n": 20,
      "mean": 140.66499999910593,
      "max": 195.5
    },
    "rapidnav.keystroke.uncached": {
      "p50": 136.10000000149012,
      "p95": 174.5,
      "p99": 174.5,
      "n": 20,
      "mean": 134.60000000074507,
      "max": 186.5
    },
    "nav.session.ready": {
      "p50": 133.70000000298023,
      "p95": 186.5,
      "p99": 196.09999999403954,
      "n": 60,
      "mean": 127.34833333318433,
      "max": 200.10000000149012
    },
    "api.session.fetch": {
      "p50": 88.30000000447035,
      "p95": 278.30000000447035,
      "p99": 286,
      "n": 130,
      "mean": 127.2,
      "max": 287.3999999985099
    },
    "rapidnav.gap": {
      "p50": 60.70000000298023,
      "p95": 80.30000000447035,
      "p99": 80.30000000447035,
      "n": 18,
      "mean": 60.12222222362956,
      "max": 81
    },
    "ws.attach": {
      "p50": 52.29999999701977,
      "p95": 63.899999998509884,
      "p99": 74.10000000149012,
      "n": 51,
      "mean": 51.156862744805856,
      "max": 76
    },
    "nav.goal.ready": {
      "p50": 37.399999998509884,
      "p95": 37.399999998509884,
      "p99": 37.399999998509884,
      "n": 2,
      "mean": 78.69999999925494,
      "max": 120
    },
    "api.goal.gates.fetch": {
      "p50": 31.80000000447035,
      "p95": 38.100000001490116,
      "p99": 38.100000001490116,
      "n": 9,
      "mean": 30.344444445437855,
      "max": 43.600000001490116
    },
    "paint.first": {
      "p50": 28.900000005960464,
      "p95": 64.19999999552965,
      "p99": 80.30000000447035,
      "n": 202,
      "mean": 32.90544554447331,
      "max": 91.10000000149012
    },
    "api.goal.fetch": {
      "p50": 28.299999997019768,
      "p95": 28.299999997019768,
      "p99": 28.299999997019768,
      "n": 3,
      "mean": 30.966666663686436,
      "max": 38.599999994039536
    },
    "api.goal.agents.fetch": {
      "p50": 26.099999994039536,
      "p95": 37.30000000447035,
      "p99": 37.30000000447035,
      "n": 8,
      "mean": 24.337499999441206,
      "max": 38.69999999552965
    },
    "rapidnav.stall.ms": {
      "p50": 5.399999998509884,
      "p95": 22.19999999552965,
      "p99": 22.19999999552965,
      "n": 18,
      "mean": 11.972222222636143,
      "max": 91.80000000447035
    },
    "nav.click": {
      "p50": 2.1999999955296516,
      "p95": 3.399999998509884,
      "p99": 3.5,
      "n": 62,
      "mean": 2.2193548380126877,
      "max": 3.8000000044703484
    },
    "reducer.rehydrate": {
      "p50": 0.20000000298023224,
      "p95": 0.30000000447034836,
      "p99": 0.3999999985098839,
      "n": 50,
      "mean": 0.20999999940395356,
      "max": 0.6000000014901161
    }
  }
}