{
  "commit": "6edd880cb47ba03650f8b200d34bef572d6f720f",
  "parentCommit": "37283e2ff83b0420a831b593b884314108ddcd1c",
  "branch": "goal-goal-profile-si-320532b0-coder-c8910068",
  "timestamp": "2026-05-14T09:22:07.961Z",
  "seededSessions": 32,
  "fixtureSize": "large",
  "msgsPerSession": 200,
  "perfFlags": "virtualiseTail",
  "tag": "opt-h-on-2",
  "kind": "experiment",
  "spans": {
    "nav.goal.cold": {
      "p50": 2358.7000000029802,
      "p95": 2358.7000000029802,
      "p99": 2358.7000000029802,
      "n": 1,
      "mean": 2358.7000000029802,
      "max": 2358.7000000029802
    },
    "nav.session.cold": {
      "p50": 276.3999999985099,
      "p95": 276.3999999985099,
      "p99": 276.3999999985099,
      "n": 1,
      "mean": 276.3999999985099,
      "max": 276.3999999985099
    },
    "api.goal.fetch": {
      "p50": 221.20000000298023,
      "p95": 221.20000000298023,
      "p99": 221.20000000298023,
      "n": 3,
      "mean": 223.13333333283663,
      "max": 378
    },
    "rapidnav.keystroke.cached": {
      "p50": 144,
      "p95": 199.39999999850988,
      "p99": 199.39999999850988,
      "n": 20,
      "mean": 141.50999999940396,
      "max": 219.30000000447035
    },
    "nav.session.ready": {
      "p50": 137.89999999850988,
      "p95": 219.30000000447035,
      "p99": 270,
      "n": 60,
      "mean": 130.66666666604578,
      "max": 370.19999999552965
    },
    "rapidnav.keystroke.uncached": {
      "p50": 137.89999999850988,
      "p95": 172.89999999850988,
      "p99": 172.89999999850988,
      "n": 20,
      "mean": 131.23499999977648,
      "max": 178
    },
    "api.goal.gates.fetch": {
      "p50": 126.29999999701977,
      "p95": 299.40000000596046,
      "p99": 299.40000000596046,
      "n": 8,
      "mean": 163.4125000005588,
      "max": 378
    },
    "api.session.fetch": {
      "p50": 60.5,
      "p95": 1085.7999999970198,
      "p99": 1179.8000000044703,
      "n": 130,
      "mean": 424.6807692307119,
      "max": 1200.2999999970198
    },
    "ws.attach": {
      "p50": 49.399999998509884,
      "p95": 70,
      "p99": 80.5,
      "n": 51,
      "mean": 46.7039215690365,
      "max": 92.90000000596046
    },
    "rapidnav.gap": {
      "p50": 40.70000000298023,
      "p95": 86.60000000149012,
      "p99": 86.60000000149012,
      "n": 18,
      "mean": 45.30000000115898,
      "max": 89.20000000298023
    },
    "nav.goal.ready": {
      "p50": 25.899999998509884,
      "p95": 25.899999998509884,
      "p99": 25.899999998509884,
      "n": 2,
      "mean": 57.25,
      "max": 88.60000000149012
    },
    "paint.first": {
      "p50": 24.600000001490116,
      "p95": 56.20000000298023,
      "p99": 82.29999999701977,
      "n": 199,
      "mean": 29.023115577822054,
      "max": 108.89999999850988
    },
    "api.goal.agents.fetch": {
      "p50": 17.399999998509884,
      "p95": 138.09999999403954,
      "p99": 138.09999999403954,
      "n": 8,
      "mean": 64.125,
      "max": 219.5
    },
    "rapidnav.stall.ms": {
      "p50": 4.899999998509884,
      "p95": 45.5,
      "p99": 45.5,
      "n": 18,
      "mean": 11.811111109952131,
      "max": 82.89999999850988
    },
    "nav.click": {
      "p50": 1.5999999940395355,
      "p95": 2.100000001490116,
      "p99": 2.5,
      "n": 62,
      "mean": 1.57903225767997,
      "max": 2.6999999955296516
    },
    "reducer.rehydrate": {
      "p50": 0.3999999985098839,
      "p95": 0.5,
      "p99": 0.5999999940395355,
      "n": 44,
      "mean": 0.40909090858291497,
      "max": 0.8999999985098839
    }
  }
}