{
  "commit": "6edd880cb47ba03650f8b200d34bef572d6f720f",
  "parentCommit": "37283e2ff83b0420a831b593b884314108ddcd1c",
  "branch": "goal-goal-profile-si-320532b0-coder-c8910068",
  "timestamp": "2026-05-14T09:29:50.534Z",
  "seededSessions": 32,
  "fixtureSize": "large",
  "msgsPerSession": 200,
  "perfFlags": null,
  "tag": "opt-h-off-5",
  "kind": "experiment",
  "spans": {
    "nav.goal.cold": {
      "p50": 2093,
      "p95": 2093,
      "p99": 2093,
      "n": 1,
      "mean": 2093,
      "max": 2093
    },
    "nav.session.cold": {
      "p50": 371.29999999701977,
      "p95": 371.29999999701977,
      "p99": 371.29999999701977,
      "n": 1,
      "mean": 371.29999999701977,
      "max": 371.29999999701977
    },
    "rapidnav.keystroke.uncached": {
      "p50": 140.10000000149012,
      "p95": 180.29999999701977,
      "p99": 180.29999999701977,
      "n": 20,
      "mean": 139.37000000104308,
      "max": 183.70000000298023
    },
    "nav.session.ready": {
      "p50": 138.10000000149012,
      "p95": 844.8999999985099,
      "p99": 1019.6999999955297,
      "n": 60,
      "mean": 209.2666666664183,
      "max": 1234.3999999985099
    },
    "rapidnav.keystroke.cached": {
      "p50": 110.10000000149012,
      "p95": 174.30000000447035,
      "p99": 174.30000000447035,
      "n": 20,
      "mean": 123.00999999977648,
      "max": 185.39999999850988
    },
    "api.goal.gates.fetch": {
      "p50": 69.79999999701977,
      "p95": 377.20000000298023,
      "p99": 377.20000000298023,
      "n": 13,
      "mean": 202.41538461527,
      "max": 857.1000000014901
    },
    "api.goal.fetch": {
      "p50": 65.09999999403954,
      "p95": 65.09999999403954,
      "p99": 65.09999999403954,
      "n": 3,
      "mean": 57.466666666169964,
      "max": 66.20000000298023
    },
    "api.session.fetch": {
      "p50": 64.39999999850988,
      "p95": 455.6000000014901,
      "p99": 518.6000000014901,
      "n": 130,
      "mean": 142.10153846138945,
      "max": 521.5
    },
    "rapidnav.gap": {
      "p50": 52.400000005960464,
      "p95": 83.5,
      "p99": 83.5,
      "n": 18,
      "mean": 51.79999999991722,
      "max": 84
    },
    "ws.attach": {
      "p50": 51.900000005960464,
      "p95": 287.19999999552965,
      "p99": 370.69999999552965,
      "n": 51,
      "mean": 81.65294117641216,
      "max": 419.79999999701977
    },
    "nav.goal.ready": {
      "p50": 29.5,
      "p95": 29.5,
      "p99": 29.5,
      "n": 2,
      "mean": 80.69999999925494,
      "max": 131.89999999850988
    },
    "paint.first": {
      "p50": 26.099999994039536,
      "p95": 65.10000000149012,
      "p99": 72.39999999850988,
      "n": 202,
      "mean": 31.655940593948753,
      "max": 81.5
    },
    "api.goal.agents.fetch": {
      "p50": 10.299999997019768,
      "p95": 39.20000000298023,
      "p99": 39.20000000298023,
      "n": 8,
      "mean": 24.774999999441206,
      "max": 66
    },
    "rapidnav.stall.ms": {
      "p50": 3.899999998509884,
      "p95": 46.600000001490116,
      "p99": 46.600000001490116,
      "n": 18,
      "mean": 9.661111112684011,
      "max": 48.100000001490116
    },
    "nav.click": {
      "p50": 1.7000000029802322,
      "p95": 3.100000001490116,
      "p99": 5.4000000059604645,
      "n": 62,
      "mean": 1.9661290321138598,
      "max": 7
    },
    "reducer.rehydrate": {
      "p50": 0.4000000059604645,
      "p95": 0.7000000029802322,
      "p99": 0.7000000029802322,
      "n": 41,
      "mean": 0.4682926833629608,
      "max": 1.2999999970197678
    }
  }
}