{
  "commit": "6edd880cb47ba03650f8b200d34bef572d6f720f",
  "parentCommit": "37283e2ff83b0420a831b593b884314108ddcd1c",
  "branch": "goal-goal-profile-si-320532b0-coder-c8910068",
  "timestamp": "2026-05-14T09:23:39.207Z",
  "seededSessions": 32,
  "fixtureSize": "large",
  "msgsPerSession": 200,
  "perfFlags": null,
  "tag": "opt-h-off-3",
  "kind": "experiment",
  "spans": {
    "nav.goal.cold": {
      "p50": 1761.3000000044703,
      "p95": 1761.3000000044703,
      "p99": 1761.3000000044703,
      "n": 1,
      "mean": 1761.3000000044703,
      "max": 1761.3000000044703
    },
    "nav.session.cold": {
      "p50": 342.90000000596046,
      "p95": 342.90000000596046,
      "p99": 342.90000000596046,
      "n": 1,
      "mean": 342.90000000596046,
      "max": 342.90000000596046
    },
    "rapidnav.keystroke.uncached": {
      "p50": 151.5,
      "p95": 200.39999999850988,
      "p99": 200.39999999850988,
      "n": 20,
      "mean": 147.23499999940395,
      "max": 204.19999999552965
    },
    "rapidnav.keystroke.cached": {
      "p50": 138.89999999850988,
      "p95": 199.09999999403954,
      "p99": 199.09999999403954,
      "n": 20,
      "mean": 140.03000000044705,
      "max": 214.90000000596046
    },
    "nav.session.ready": {
      "p50": 136.5,
      "p95": 199.09999999403954,
      "p99": 204.19999999552965,
      "n": 60,
      "mean": 128.2800000006954,
      "max": 214.90000000596046
    },
    "rapidnav.gap": {
      "p50": 58,
      "p95": 86,
      "p99": 86,
      "n": 15,
      "mean": 53.53999999910593,
      "max": 86.09999999403954
    },
    "api.session.fetch": {
      "p50": 49.899999998509884,
      "p95": 221.20000000298023,
      "p99": 225,
      "n": 130,
      "mean": 76.75999999946127,
      "max": 226.39999999850988
    },
    "ws.attach": {
      "p50": 49.899999998509884,
      "p95": 70.19999999552965,
      "p99": 75.20000000298023,
      "n": 51,
      "mean": 48.388235294497484,
      "max": 76.5
    },
    "api.goal.fetch": {
      "p50": 37.5,
      "p95": 37.5,
      "p99": 37.5,
      "n": 3,
      "mean": 29.133333332836628,
      "max": 37.600000001490116
    },
    "nav.goal.ready": {
      "p50": 28.899999998509884,
      "p95": 28.899999998509884,
      "p99": 28.899999998509884,
      "n": 2,
      "mean": 60.600000001490116,
      "max": 92.30000000447035
    },
    "paint.first": {
      "p50": 25.80000000447035,
      "p95": 57.70000000298023,
      "p99": 62.79999999701977,
      "n": 204,
      "mean": 29.840196078314502,
      "max": 105.79999999701977
    },
    "api.goal.gates.fetch": {
      "p50": 17.299999997019768,
      "p95": 40.5,
      "p99": 40.5,
      "n": 9,
      "mean": 21.533333332174355,
      "max": 57.100000001490116
    },
    "api.goal.agents.fetch": {
      "p50": 5.399999998509884,
      "p95": 37.19999999552965,
      "p99": 37.19999999552965,
      "n": 8,
      "mean": 14.700000001117587,
      "max": 37.900000005960464
    },
    "rapidnav.stall.ms": {
      "p50": 4,
      "p95": 12.300000004470348,
      "p99": 12.300000004470348,
      "n": 21,
      "mean": 5.528571428997176,
      "max": 17.299999997019768
    },
    "nav.click": {
      "p50": 1.6000000014901161,
      "p95": 2.2999999970197678,
      "p99": 2.7000000029802322,
      "n": 62,
      "mean": 1.6499999995914199,
      "max": 3
    },
    "reducer.rehydrate": {
      "p50": 0.3999999985098839,
      "p95": 0.6000000014901161,
      "p99": 0.6999999955296516,
      "n": 42,
      "mean": 0.4214285711447398,
      "max": 0.7999999970197678
    }
  }
}