{
  "commit": "6edd880cb47ba03650f8b200d34bef572d6f720f",
  "parentCommit": "37283e2ff83b0420a831b593b884314108ddcd1c",
  "branch": "goal-goal-profile-si-320532b0-coder-c8910068",
  "timestamp": "2026-05-14T09:26:37.362Z",
  "seededSessions": 32,
  "fixtureSize": "large",
  "msgsPerSession": 200,
  "perfFlags": null,
  "tag": "opt-h-off-4",
  "kind": "experiment",
  "spans": {
    "nav.goal.cold": {
      "p50": 1797.2999999970198,
      "p95": 1797.2999999970198,
      "p99": 1797.2999999970198,
      "n": 1,
      "mean": 1797.2999999970198,
      "max": 1797.2999999970198
    },
    "nav.session.cold": {
      "p50": 330.6000000014901,
      "p95": 330.6000000014901,
      "p99": 330.6000000014901,
      "n": 1,
      "mean": 330.6000000014901,
      "max": 330.6000000014901
    },
    "rapidnav.keystroke.uncached": {
      "p50": 147.70000000298023,
      "p95": 173.29999999701977,
      "p99": 173.29999999701977,
      "n": 20,
      "mean": 144.62500000037252,
      "max": 191.60000000149012
    },
    "nav.session.ready": {
      "p50": 134.39999999850988,
      "p95": 182.29999999701977,
      "p99": 191.60000000149012,
      "n": 60,
      "mean": 123.31333333291113,
      "max": 198.39999999850988
    },
    "rapidnav.keystroke.cached": {
      "p50": 131.89999999850988,
      "p95": 182.29999999701977,
      "p99": 182.29999999701977,
      "n": 20,
      "mean": 130.02999999970197,
      "max": 191
    },
    "api.session.fetch": {
      "p50": 55.5,
      "p95": 211.5,
      "p99": 214.79999999701977,
      "n": 129,
      "mean": 89.56511627917372,
      "max": 217
    },
    "ws.attach": {
      "p50": 49.600000001490116,
      "p95": 61.29999999701977,
      "p99": 63.69999999552965,
      "n": 51,
      "mean": 46.619607843312565,
      "max": 76.5
    },
    "rapidnav.gap": {
      "p50": 47,
      "p95": 76.5,
      "p99": 76.5,
      "n": 18,
      "mean": 47.2611111116906,
      "max": 94.69999999552965
    },
    "nav.goal.ready": {
      "p50": 31.80000000447035,
      "p95": 31.80000000447035,
      "p99": 31.80000000447035,
      "n": 2,
      "mean": 61.70000000298023,
      "max": 91.60000000149012
    },
    "paint.first": {
      "p50": 24.799999997019768,
      "p95": 57.399999998509884,
      "p99": 83.19999999552965,
      "n": 195,
      "mean": 29.575384615132442,
      "max": 96.5
    },
    "api.goal.gates.fetch": {
      "p50": 16,
      "p95": 26.399999998509884,
      "p99": 26.399999998509884,
      "n": 8,
      "mean": 16.924999999813735,
      "max": 28.799999997019768
    },
    "api.goal.fetch": {
      "p50": 15.600000001490116,
      "p95": 15.600000001490116,
      "p99": 15.600000001490116,
      "n": 3,
      "mean": 14.133333332836628,
      "max": 18
    },
    "api.goal.agents.fetch": {
      "p50": 8.900000005960464,
      "p95": 18.5,
      "p99": 18.5,
      "n": 8,
      "mean": 12.212500000372529,
      "max": 21
    },
    "rapidnav.stall.ms": {
      "p50": 5.600000001490116,
      "p95": 50.600000001490116,
      "p99": 50.600000001490116,
      "n": 18,
      "mean": 13.055555555969477,
      "max": 87.20000000298023
    },
    "nav.click": {
      "p50": 1.7000000029802322,
      "p95": 2.600000001490116,
      "p99": 3.100000001490116,
      "n": 62,
      "mean": 1.758064515888691,
      "max": 3.399999998509884
    },
    "reducer.rehydrate": {
      "p50": 0.4000000059604645,
      "p95": 0.6000000014901161,
      "p99": 0.7999999970197678,
      "n": 44,
      "mean": 0.5045454544438557,
      "max": 2.5
    }
  }
}