{
  "commit": "6edd880cb47ba03650f8b200d34bef572d6f720f",
  "parentCommit": "37283e2ff83b0420a831b593b884314108ddcd1c",
  "branch": "goal-goal-profile-si-320532b0-coder-c8910068",
  "timestamp": "2026-05-14T09:15:18.019Z",
  "seededSessions": 32,
  "fixtureSize": "large",
  "msgsPerSession": 200,
  "perfFlags": null,
  "tag": "opt-h-off-1",
  "kind": "experiment",
  "spans": {
    "nav.goal.cold": {
      "p50": 1791.2000000029802,
      "p95": 1791.2000000029802,
      "p99": 1791.2000000029802,
      "n": 1,
      "mean": 1791.2000000029802,
      "max": 1791.2000000029802
    },
    "nav.session.cold": {
      "p50": 315.20000000298023,
      "p95": 315.20000000298023,
      "p99": 315.20000000298023,
      "n": 1,
      "mean": 315.20000000298023,
      "max": 315.20000000298023
    },
    "api.goal.gates.fetch": {
      "p50": 310.70000000298023,
      "p95": 332.59999999403954,
      "p99": 332.59999999403954,
      "n": 21,
      "mean": 208.719047618409,
      "max": 332.59999999403954
    },
    "rapidnav.keystroke.uncached": {
      "p50": 140.69999999552965,
      "p95": 174.39999999850988,
      "p99": 174.39999999850988,
      "n": 20,
      "mean": 136.43500000014902,
      "max": 180.80000000447035
    },
    "rapidnav.keystroke.cached": {
      "p50": 136.19999999552965,
      "p95": 174.89999999850988,
      "p99": 174.89999999850988,
      "n": 20,
      "mean": 125.17500000037253,
      "max": 179.5
    },
    "nav.session.ready": {
      "p50": 132.70000000298023,
      "p95": 175,
      "p99": 180.80000000447035,
      "n": 60,
      "mean": 122.45500000057122,
      "max": 202.60000000149012
    },
    "rapidnav.gap": {
      "p50": 47.599999994039536,
      "p95": 68.39999999850988,
      "p99": 68.39999999850988,
      "n": 19,
      "mean": 42.352631578712085,
      "max": 68.69999999552965
    },
    "ws.attach": {
      "p50": 45.399999998509884,
      "p95": 56.69999999552965,
      "p99": 67.80000000447035,
      "n": 51,
      "mean": 44.13137254922413,
      "max": 70.20000000298023
    },
    "api.session.fetch": {
      "p50": 43.100000001490116,
      "p95": 63.400000005960464,
      "p99": 67.20000000298023,
      "n": 130,
      "mean": 45.338461538404225,
      "max": 69.10000000149012
    },
    "nav.goal.ready": {
      "p50": 29.799999997019768,
      "p95": 29.799999997019768,
      "p99": 29.799999997019768,
      "n": 2,
      "mean": 68.59999999776483,
      "max": 107.39999999850988
    },
    "api.goal.fetch": {
      "p50": 22.899999998509884,
      "p95": 22.899999998509884,
      "p99": 22.899999998509884,
      "n": 3,
      "mean": 24.233333331843216,
      "max": 34.29999999701977
    },
    "paint.first": {
      "p50": 22.100000001490116,
      "p95": 59.20000000298023,
      "p99": 68.39999999850988,
      "n": 205,
      "mean": 28.716097561070104,
      "max": 88.29999999701977
    },
    "api.goal.agents.fetch": {
      "p50": 4.399999998509884,
      "p95": 22.899999998509884,
      "p99": 22.899999998509884,
      "n": 8,
      "mean": 12.900000000372529,
      "max": 34.29999999701977
    },
    "rapidnav.stall.ms": {
      "p50": 3.5,
      "p95": 57.70000000298023,
      "p99": 57.70000000298023,
      "n": 17,
      "mean": 13.470588235732388,
      "max": 63.79999999701977
    },
    "nav.click": {
      "p50": 1.6000000014901161,
      "p95": 2.600000001490116,
      "p99": 3.5,
      "n": 62,
      "mean": 1.729032258232755,
      "max": 3.899999998509884
    },
    "reducer.rehydrate": {
      "p50": 0.3999999985098839,
      "p95": 0.8000000044703484,
      "p99": 0.8999999985098839,
      "n": 43,
      "mean": 0.4767441863930503,
      "max": 3
    }
  }
}