{
  "commit": "6edd880cb47ba03650f8b200d34bef572d6f720f",
  "parentCommit": "37283e2ff83b0420a831b593b884314108ddcd1c",
  "branch": "goal-goal-profile-si-320532b0-coder-c8910068",
  "timestamp": "2026-05-14T09:28:07.613Z",
  "seededSessions": 32,
  "fixtureSize": "large",
  "msgsPerSession": 200,
  "perfFlags": "virtualiseTail",
  "tag": "opt-h-on-4",
  "kind": "experiment",
  "spans": {
    "nav.goal.cold": {
      "p50": 1740.1000000014901,
      "p95": 1740.1000000014901,
      "p99": 1740.1000000014901,
      "n": 1,
      "mean": 1740.1000000014901,
      "max": 1740.1000000014901
    },
    "nav.session.cold": {
      "p50": 370.70000000298023,
      "p95": 370.70000000298023,
      "p99": 370.70000000298023,
      "n": 1,
      "mean": 370.70000000298023,
      "max": 370.70000000298023
    },
    "rapidnav.keystroke.uncached": {
      "p50": 145.20000000298023,
      "p95": 183,
      "p99": 183,
      "n": 20,
      "mean": 140.735000000149,
      "max": 199.59999999403954
    },
    "nav.session.ready": {
      "p50": 132.29999999701977,
      "p95": 182.5,
      "p99": 199.59999999403954,
      "n": 60,
      "mean": 121.67499999987582,
      "max": 218.89999999850988
    },
    "rapidnav.keystroke.cached": {
      "p50": 129,
      "p95": 150.60000000149012,
      "p99": 150.60000000149012,
      "n": 20,
      "mean": 126.18999999947846,
      "max": 164.19999999552965
    },
    "rapidnav.gap": {
      "p50": 59.20000000298023,
      "p95": 96.19999999552965,
      "p99": 96.19999999552965,
      "n": 18,
      "mean": 56.11111111069719,
      "max": 97
    },
    "api.session.fetch": {
      "p50": 56.5,
      "p95": 68.70000000298023,
      "p99": 212.89999999850988,
      "n": 130,
      "mean": 59.5969230767626,
      "max": 214.5
    },
    "ws.attach": {
      "p50": 47.19999999552965,
      "p95": 60.19999999552965,
      "p99": 66.10000000149012,
      "n": 51,
      "mean": 46.478431371789355,
      "max": 74.10000000149012
    },
    "nav.goal.ready": {
      "p50": 29.5,
      "p95": 29.5,
      "p99": 29.5,
      "n": 2,
      "mean": 54.149999998509884,
      "max": 78.79999999701977
    },
    "paint.first": {
      "p50": 24.5,
      "p95": 60.600000001490116,
      "p99": 91.29999999701977,
      "n": 193,
      "mean": 30.59792746105497,
      "max": 98
    },
    "api.goal.fetch": {
      "p50": 21.700000002980232,
      "p95": 21.700000002980232,
      "p99": 21.700000002980232,
      "n": 3,
      "mean": 30.166666666666668,
      "max": 52
    },
    "api.goal.gates.fetch": {
      "p50": 9.200000002980232,
      "p95": 21.599999994039536,
      "p99": 21.599999994039536,
      "n": 9,
      "mean": 14.677777778771189,
      "max": 53.399999998509884
    },
    "rapidnav.stall.ms": {
      "p50": 4.5,
      "p95": 33,
      "p99": 33,
      "n": 18,
      "mean": 8.927777778357267,
      "max": 36.20000000298023
    },
    "api.goal.agents.fetch": {
      "p50": 3.600000001490116,
      "p95": 21.899999998509884,
      "p99": 21.899999998509884,
      "n": 8,
      "mean": 13.450000001117587,
      "max": 51.5
    },
    "nav.click": {
      "p50": 1.7999999970197678,
      "p95": 2.7000000029802322,
      "p99": 3.100000001490116,
      "n": 62,
      "mean": 1.7806451611461178,
      "max": 3.600000001490116
    },
    "reducer.rehydrate": {
      "p50": 0.3999999985098839,
      "p95": 0.7000000029802322,
      "p99": 0.8000000044703484,
      "n": 46,
      "mean": 0.48260869539302326,
      "max": 2.8000000044703484
    }
  }
}