{
  "commit": "6edd880cb47ba03650f8b200d34bef572d6f720f",
  "parentCommit": "37283e2ff83b0420a831b593b884314108ddcd1c",
  "branch": "goal-goal-profile-si-320532b0-coder-c8910068",
  "timestamp": "2026-05-14T09:31:37.517Z",
  "seededSessions": 32,
  "fixtureSize": "large",
  "msgsPerSession": 200,
  "perfFlags": "virtualiseTail",
  "tag": "opt-h-on-5",
  "kind": "experiment",
  "spans": {
    "nav.goal.cold": {
      "p50": 1755.5,
      "p95": 1755.5,
      "p99": 1755.5,
      "n": 1,
      "mean": 1755.5,
      "max": 1755.5
    },
    "nav.session.cold": {
      "p50": 296.20000000298023,
      "p95": 296.20000000298023,
      "p99": 296.20000000298023,
      "n": 1,
      "mean": 296.20000000298023,
      "max": 296.20000000298023
    },
    "rapidnav.keystroke.uncached": {
      "p50": 132.89999999850988,
      "p95": 170,
      "p99": 170,
      "n": 20,
      "mean": 130.37500000037252,
      "max": 195.59999999403954
    },
    "rapidnav.keystroke.cached": {
      "p50": 116.39999999850988,
      "p95": 150.19999999552965,
      "p99": 150.19999999552965,
      "n": 20,
      "mean": 119.81499999947846,
      "max": 193.79999999701977
    },
    "nav.session.ready": {
      "p50": 108.89999999850988,
      "p95": 170,
      "p99": 193.79999999701977,
      "n": 60,
      "mean": 110.193333333234,
      "max": 195.59999999403954
    },
    "rapidnav.gap": {
      "p50": 61.69999999552965,
      "p95": 89.60000000149012,
      "p99": 89.60000000149012,
      "n": 17,
      "mean": 59.07058823590769,
      "max": 104.5
    },
    "api.session.fetch": {
      "p50": 51.399999998509884,
      "p95": 221.60000000149012,
      "p99": 225.5,
      "n": 129,
      "mean": 89.26356589164614,
      "max": 227.20000000298023
    },
    "ws.attach": {
      "p50": 44,
      "p95": 53.600000001490116,
      "p99": 54.80000000447035,
      "n": 51,
      "mean": 39.14901960816454,
      "max": 63.79999999701977
    },
    "nav.goal.ready": {
      "p50": 31.899999998509884,
      "p95": 31.899999998509884,
      "p99": 31.899999998509884,
      "n": 2,
      "mean": 56.25,
      "max": 80.60000000149012
    },
    "api.goal.fetch": {
      "p50": 21.899999998509884,
      "p95": 21.899999998509884,
      "p99": 21.899999998509884,
      "n": 3,
      "mean": 20.833333333333332,
      "max": 25.899999998509884
    },
    "paint.first": {
      "p50": 21.799999997019768,
      "p95": 55.100000001490116,
      "p99": 75.09999999403954,
      "n": 191,
      "mean": 27.533507853590383,
      "max": 98.79999999701977
    },
    "api.goal.gates.fetch": {
      "p50": 15.200000002980232,
      "p95": 25.899999998509884,
      "p99": 25.899999998509884,
      "n": 8,
      "mean": 16.5,
      "max": 29.100000001490116
    },
    "rapidnav.stall.ms": {
      "p50": 5.5,
      "p95": 16.299999997019768,
      "p99": 16.299999997019768,
      "n": 19,
      "mean": 8.847368421523194,
      "max": 45.70000000298023
    },
    "api.goal.agents.fetch": {
      "p50": 3.7000000029802322,
      "p95": 21.899999998509884,
      "p99": 21.899999998509884,
      "n": 8,
      "mean": 10.100000001490116,
      "max": 26
    },
    "nav.click": {
      "p50": 1.6000000014901161,
      "p95": 2,
      "p99": 2.2999999970197678,
      "n": 62,
      "mean": 1.569354839382633,
      "max": 2.9000000059604645
    },
    "reducer.rehydrate": {
      "p50": 0.3999999985098839,
      "p95": 0.6000000014901161,
      "p99": 0.7000000029802322,
      "n": 44,
      "mean": 0.4295454543422569,
      "max": 1.8999999985098839
    }
  }
}