{
  "commit": "6edd880cb47ba03650f8b200d34bef572d6f720f",
  "parentCommit": "37283e2ff83b0420a831b593b884314108ddcd1c",
  "branch": "goal-goal-profile-si-320532b0-coder-c8910068",
  "timestamp": "2026-05-14T09:25:08.184Z",
  "seededSessions": 32,
  "fixtureSize": "large",
  "msgsPerSession": 200,
  "perfFlags": "virtualiseTail",
  "tag": "opt-h-on-3",
  "kind": "experiment",
  "spans": {
    "nav.goal.cold": {
      "p50": 1730.3999999985099,
      "p95": 1730.3999999985099,
      "p99": 1730.3999999985099,
      "n": 1,
      "mean": 1730.3999999985099,
      "max": 1730.3999999985099
    },
    "nav.session.cold": {
      "p50": 315.1000000014901,
      "p95": 315.1000000014901,
      "p99": 315.1000000014901,
      "n": 1,
      "mean": 315.1000000014901,
      "max": 315.1000000014901
    },
    "rapidnav.keystroke.cached": {
      "p50": 129.89999999850988,
      "p95": 174.60000000149012,
      "p99": 174.60000000149012,
      "n": 20,
      "mean": 129.3949999999255,
      "max": 199.10000000149012
    },
    "rapidnav.keystroke.uncached": {
      "p50": 125.70000000298023,
      "p95": 188.89999999850988,
      "p99": 188.89999999850988,
      "n": 20,
      "mean": 132.2,
      "max": 223
    },
    "nav.session.ready": {
      "p50": 117.89999999850988,
      "p95": 188.89999999850988,
      "p99": 199.10000000149012,
      "n": 60,
      "mean": 116.60833333370586,
      "max": 223
    },
    "api.session.fetch": {
      "p50": 60.5,
      "p95": 198.40000000596046,
      "p99": 202.10000000149012,
      "n": 130,
      "mean": 87.88153846183648,
      "max": 203.5
    },
    "rapidnav.gap": {
      "p50": 58.20000000298023,
      "p95": 82.5,
      "p99": 82.5,
      "n": 18,
      "mean": 55.516666666501095,
      "max": 83.60000000149012
    },
    "ws.attach": {
      "p50": 47.899999998509884,
      "p95": 65.80000000447035,
      "p99": 67.19999999552965,
      "n": 51,
      "mean": 44.274509804505925,
      "max": 71.5
    },
    "api.goal.fetch": {
      "p50": 24,
      "p95": 24,
      "p99": 24,
      "n": 3,
      "mean": 27.53333333383004,
      "max": 39.20000000298023
    },
    "paint.first": {
      "p50": 23.100000001490116,
      "p95": 55.70000000298023,
      "p99": 76.39999999850988,
      "n": 196,
      "mean": 28.792857143191657,
      "max": 86.5
    },
    "nav.goal.ready": {
      "p50": 21.100000001490116,
      "p95": 21.100000001490116,
      "p99": 21.100000001490116,
      "n": 2,
      "mean": 49.80000000074506,
      "max": 78.5
    },
    "api.goal.gates.fetch": {
      "p50": 15.899999998509884,
      "p95": 23.80000000447035,
      "p99": 23.80000000447035,
      "n": 9,
      "mean": 16.622222223215633,
      "max": 42.79999999701977
    },
    "api.goal.agents.fetch": {
      "p50": 15.299999997019768,
      "p95": 38.600000001490116,
      "p99": 38.600000001490116,
      "n": 8,
      "mean": 20.875,
      "max": 58.899999998509884
    },
    "rapidnav.stall.ms": {
      "p50": 4.899999998509884,
      "p95": 22.19999999552965,
      "p99": 22.19999999552965,
      "n": 18,
      "mean": 7.166666667080587,
      "max": 26.700000002980232
    },
    "nav.click": {
      "p50": 1.6000000014901161,
      "p95": 2,
      "p99": 2.600000001490116,
      "n": 62,
      "mean": 1.6080645160569298,
      "max": 2.600000001490116
    },
    "reducer.rehydrate": {
      "p50": 0.3999999985098839,
      "p95": 0.6000000014901161,
      "p99": 0.6000000014901161,
      "n": 39,
      "mean": 0.44871794814482713,
      "max": 0.6999999955296516
    }
  }
}