{
  "commit": "6edd880cb47ba03650f8b200d34bef572d6f720f",
  "parentCommit": "37283e2ff83b0420a831b593b884314108ddcd1c",
  "branch": "goal-goal-profile-si-320532b0-coder-c8910068",
  "timestamp": "2026-05-14T09:20:31.377Z",
  "seededSessions": 32,
  "fixtureSize": "large",
  "msgsPerSession": 200,
  "perfFlags": null,
  "tag": "opt-h-off-2",
  "kind": "experiment",
  "spans": {
    "nav.goal.cold": {
      "p50": 1750.0999999940395,
      "p95": 1750.0999999940395,
      "p99": 1750.0999999940395,
      "n": 1,
      "mean": 1750.0999999940395,
      "max": 1750.0999999940395
    },
    "nav.session.cold": {
      "p50": 274.3999999985099,
      "p95": 274.3999999985099,
      "p99": 274.3999999985099,
      "n": 1,
      "mean": 274.3999999985099,
      "max": 274.3999999985099
    },
    "rapidnav.keystroke.uncached": {
      "p50": 142.39999999850988,
      "p95": 195.59999999403954,
      "p99": 195.59999999403954,
      "n": 20,
      "mean": 142.64499999955297,
      "max": 208.60000000149012
    },
    "rapidnav.keystroke.cached": {
      "p50": 137.30000000447035,
      "p95": 161.20000000298023,
      "p99": 161.20000000298023,
      "n": 20,
      "mean": 136.79999999962746,
      "max": 175.89999999850988
    },
    "nav.session.ready": {
      "p50": 130.69999999552965,
      "p95": 173.60000000149012,
      "p99": 195.59999999403954,
      "n": 60,
      "mean": 121.74499999980132,
      "max": 208.60000000149012
    },
    "rapidnav.gap": {
      "p50": 59.399999998509884,
      "p95": 118.40000000596046,
      "p99": 118.40000000596046,
      "n": 17,
      "mean": 62.88823529376703,
      "max": 119.59999999403954
    },
    "api.session.fetch": {
      "p50": 47.099999994039536,
      "p95": 216.39999999850988,
      "p99": 220.19999999552965,
      "n": 130,
      "mean": 68.6892307691276,
      "max": 221.79999999701977
    },
    "ws.attach": {
      "p50": 46.70000000298023,
      "p95": 65,
      "p99": 68.5,
      "n": 51,
      "mean": 43.137254902545145,
      "max": 102.39999999850988
    },
    "nav.goal.ready": {
      "p50": 30.799999997019768,
      "p95": 30.799999997019768,
      "p99": 30.799999997019768,
      "n": 2,
      "mean": 55.099999997764826,
      "max": 79.39999999850988
    },
    "api.goal.fetch": {
      "p50": 25.799999997019768,
      "p95": 25.799999997019768,
      "p99": 25.799999997019768,
      "n": 3,
      "mean": 23.933333332339924,
      "max": 29
    },
    "paint.first": {
      "p50": 23.900000005960464,
      "p95": 52.80000000447035,
      "p99": 67.5,
      "n": 195,
      "mean": 29.189230769414166,
      "max": 80.5
    },
    "api.goal.gates.fetch": {
      "p50": 16.600000001490116,
      "p95": 25.399999998509884,
      "p99": 25.399999998509884,
      "n": 9,
      "mean": 16.144444443285465,
      "max": 28.69999999552965
    },
    "api.goal.agents.fetch": {
      "p50": 8.100000001490116,
      "p95": 26.100000001490116,
      "p99": 26.100000001490116,
      "n": 8,
      "mean": 12.94999999832362,
      "max": 29
    },
    "rapidnav.stall.ms": {
      "p50": 4.899999998509884,
      "p95": 52.600000001490116,
      "p99": 52.600000001490116,
      "n": 19,
      "mean": 13.64210526409902,
      "max": 70.10000000149012
    },
    "nav.click": {
      "p50": 1.6000000014901161,
      "p95": 2.2000000029802322,
      "p99": 2.5,
      "n": 62,
      "mean": 1.5693548385414384,
      "max": 2.5
    },
    "reducer.rehydrate": {
      "p50": 0.3999999985098839,
      "p95": 0.6000000014901161,
      "p99": 0.7000000029802322,
      "n": 45,
      "mean": 0.4044444458352195,
      "max": 0.7000000029802322
    }
  }
}