{
  "commit": "6edd880cb47ba03650f8b200d34bef572d6f720f",
  "parentCommit": "37283e2ff83b0420a831b593b884314108ddcd1c",
  "branch": "goal-goal-profile-si-320532b0-coder-c8910068",
  "timestamp": "2026-05-14T09:16:48.381Z",
  "seededSessions": 32,
  "fixtureSize": "large",
  "msgsPerSession": 200,
  "perfFlags": "virtualiseTail",
  "tag": "opt-h-on-1",
  "kind": "experiment",
  "spans": {
    "nav.goal.cold": {
      "p50": 1775.9000000059605,
      "p95": 1775.9000000059605,
      "p99": 1775.9000000059605,
      "n": 1,
      "mean": 1775.9000000059605,
      "max": 1775.9000000059605
    },
    "nav.session.cold": {
      "p50": 380.79999999701977,
      "p95": 380.79999999701977,
      "p99": 380.79999999701977,
      "n": 1,
      "mean": 380.79999999701977,
      "max": 380.79999999701977
    },
    "rapidnav.keystroke.uncached": {
      "p50": 141.69999999552965,
      "p95": 191,
      "p99": 191,
      "n": 20,
      "mean": 143.139999999851,
      "max": 192.89999999850988
    },
    "nav.session.ready": {
      "p50": 133.5,
      "p95": 191,
      "p99": 193.60000000149012,
      "n": 60,
      "mean": 124.08166666676601,
      "max": 235.79999999701977
    },
    "rapidnav.keystroke.cached": {
      "p50": 128.90000000596046,
      "p95": 170,
      "p99": 170,
      "n": 20,
      "mean": 130.74000000022352,
      "max": 193.60000000149012
    },
    "api.session.fetch": {
      "p50": 60.5,
      "p95": 216.20000000298023,
      "p99": 218.29999999701977,
      "n": 130,
      "mean": 94.0976923075433,
      "max": 219.5
    },
    "ws.attach": {
      "p50": 46.30000000447035,
      "p95": 66.5,
      "p99": 67.20000000298023,
      "n": 51,
      "mean": 44.33529411840673,
      "max": 69.79999999701977
    },
    "rapidnav.gap": {
      "p50": 40.399999998509884,
      "p95": 78.20000000298023,
      "p99": 78.20000000298023,
      "n": 16,
      "mean": 43.4499999997206,
      "max": 80.19999999552965
    },
    "nav.goal.ready": {
      "p50": 28.600000001490116,
      "p95": 28.600000001490116,
      "p99": 28.600000001490116,
      "n": 2,
      "mean": 66.90000000223517,
      "max": 105.20000000298023
    },
    "paint.first": {
      "p50": 24.099999994039536,
      "p95": 62.100000001490116,
      "p99": 79.69999999552965,
      "n": 195,
      "mean": 30.34410256399558,
      "max": 100.60000000149012
    },
    "api.goal.fetch": {
      "p50": 23.5,
      "p95": 23.5,
      "p99": 23.5,
      "n": 3,
      "mean": 25.799999999503296,
      "max": 34.5
    },
    "api.goal.gates.fetch": {
      "p50": 19.19999999552965,
      "p95": 34.600000001490116,
      "p99": 34.600000001490116,
      "n": 9,
      "mean": 41.59999999900659,
      "max": 226.89999999850988
    },
    "api.goal.agents.fetch": {
      "p50": 5.899999998509884,
      "p95": 34.5,
      "p99": 34.5,
      "n": 8,
      "mean": 18.737499999813735,
      "max": 55.600000001490116
    },
    "rapidnav.stall.ms": {
      "p50": 4.299999997019768,
      "p95": 65.70000000298023,
      "p99": 65.70000000298023,
      "n": 20,
      "mean": 11.540000000223518,
      "max": 65.79999999701977
    },
    "nav.click": {
      "p50": 1.6000000014901161,
      "p95": 2.2999999970197678,
      "p99": 2.5,
      "n": 62,
      "mean": 1.7064516123744748,
      "max": 4.299999997019768
    },
    "reducer.rehydrate": {
      "p50": 0.3999999985098839,
      "p95": 0.6000000014901161,
      "p99": 0.6999999955296516,
      "n": 44,
      "mean": 0.42727272771298885,
      "max": 0.7000000029802322
    }
  }
}