{
  "commit": "999bdc2ed47efe0a75fedb619b6e2a5a601e293b",
  "parentCommit": "0179e2058c34340c5a400bb25cf2c878d3cf365f",
  "branch": "goal-goal-profile-si-320532b0-coder-51f8eddc",
  "timestamp": "2026-05-13T21:08:35.653Z",
  "seededSessions": 10,
  "kind": "baseline",
  "spans": {
    "nav.session.ready": {
      "p50": 88.79999999981374,
      "p95": 193,
      "p99": 193,
      "n": 18,
      "mean": 99,
      "max": 310.20000000018626
    },
    "ws.attach": {
      "p50": 36.40000000037253,
      "p95": 46.90000000037253,
      "p99": 46.90000000037253,
      "n": 11,
      "mean": 39.45454545471478,
      "max": 85
    },
    "nav.goal.ready": {
      "p50": 29.5,
      "p95": 29.5,
      "p99": 29.5,
      "n": 2,
      "mean": 37.1999999997206,
      "max": 44.89999999944121
    },
    "paint.first": {
      "p50": 16.799999999813735,
      "p95": 31.200000000186265,
      "p99": 41.299999999813735,
      "n": 79,
      "mean": 18.392405063314715,
      "max": 49
    },
    "api.goal.fetch": {
      "p50": 12.100000000558794,
      "p95": 12.100000000558794,
      "p99": 12.100000000558794,
      "n": 3,
      "mean": 12.86666666685293,
      "max": 14.900000000372529
    },
    "api.goal.gates.fetch": {
      "p50": 12,
      "p95": 93.79999999981374,
      "p99": 93.79999999981374,
      "n": 8,
      "mean": 36.8375000001397,
      "max": 125
    },
    "api.session.fetch": {
      "p50": 10.399999999441206,
      "p95": 31.59999999962747,
      "p99": 31.59999999962747,
      "n": 12,
      "mean": 17.158333333209157,
      "max": 33.10000000055879
    },
    "api.goal.agents.fetch": {
      "p50": 10.399999999441206,
      "p95": 14.900000000372529,
      "p99": 14.900000000372529,
      "n": 8,
      "mean": 9.974999999976717,
      "max": 16.899999999441206
    },
    "nav.click": {
      "p50": 1.5,
      "p95": 2.300000000745058,
      "p99": 2.300000000745058,
      "n": 20,
      "mean": 1.5300000000745058,
      "max": 2.5
    },
    "reducer.rehydrate": {
      "p50": 0.09999999962747097,
      "p95": 0.10000000055879354,
      "p99": 0.10000000055879354,
      "n": 11,
      "mean": 0.07272727271033959,
      "max": 0.10000000055879354
    }
  }
}
