{
  "commit": "c25e40be730b600ae4712eddeb46c5e9c4f42b4f",
  "parentCommit": "e87c70f89ee8ed34cc72a2e34fa84fd7e054afe6",
  "branch": "goal-goal-profile-si-320532b0-coder-95006287",
  "timestamp": "2026-05-13T21:48:31.995Z",
  "seededSessions": 10,
  "fixtureSize": "medium",
  "msgsPerSession": 50,
  "spans": {
    "nav.session.ready": {
      "p50": 34.09999999962747,
      "p95": 92.20000000111759,
      "p99": 92.20000000111759,
      "n": 20,
      "mean": 48.50499999988824,
      "max": 118.09999999962747
    },
    "nav.goal.ready": {
      "p50": 20.299999998882413,
      "p95": 20.299999998882413,
      "p99": 20.299999998882413,
      "n": 2,
      "mean": 30.59999999962747,
      "max": 40.90000000037253
    },
    "paint.first": {
      "p50": 16.899999998509884,
      "p95": 27.5,
      "p99": 34.79999999888241,
      "n": 66,
      "mean": 18.04545454536988,
      "max": 73.80000000074506
    },
    "api.session.fetch": {
      "p50": 15.599999999627471,
      "p95": 32.19999999925494,
      "p99": 32.5,
      "n": 41,
      "mean": 19.329268292682926,
      "max": 32.69999999925494
    },
    "api.goal.fetch": {
      "p50": 8.099999999627471,
      "p95": 8.099999999627471,
      "p99": 8.099999999627471,
      "n": 3,
      "mean": 11.100000000248352,
      "max": 20.90000000037253
    },
    "ws.attach": {
      "p50": 4.299999998882413,
      "p95": 22.300000000745058,
      "p99": 22.300000000745058,
      "n": 11,
      "mean": 10.872727272524076,
      "max": 22.800000000745058
    },
    "api.goal.gates.fetch": {
      "p50": 4,
      "p95": 21.09999999962747,
      "p99": 21.09999999962747,
      "n": 8,
      "mean": 8.725000000093132,
      "max": 21.199999999254942
    },
    "api.goal.agents.fetch": {
      "p50": 3.400000000372529,
      "p95": 7.900000000372529,
      "p99": 7.900000000372529,
      "n": 8,
      "mean": 6.312500000232831,
      "max": 20.59999999962747
    },
    "nav.click": {
      "p50": 1.099999999627471,
      "p95": 1.599999999627471,
      "p99": 1.6000000014901161,
      "n": 22,
      "mean": 1.1409090909768234,
      "max": 1.699999999254942
    },
    "reducer.rehydrate": {
      "p50": 0.19999999925494194,
      "p95": 0.2000000011175871,
      "p99": 0.2000000011175871,
      "n": 11,
      "mean": 0.16363636370409618,
      "max": 0.2000000011175871
    }
  }
}