{
  "commit": "c25e40be730b600ae4712eddeb46c5e9c4f42b4f",
  "parentCommit": "e87c70f89ee8ed34cc72a2e34fa84fd7e054afe6",
  "branch": "goal-goal-profile-si-320532b0-coder-95006287",
  "timestamp": "2026-05-13T21:46:25.446Z",
  "seededSessions": 10,
  "fixtureSize": "large",
  "msgsPerSession": 200,
  "spans": {
    "nav.session.ready": {
      "p50": 58.20000000111759,
      "p95": 208.59999999962747,
      "p99": 208.59999999962747,
      "n": 20,
      "mean": 90.6,
      "max": 220.90000000037253
    },
    "nav.goal.ready": {
      "p50": 18.699999999254942,
      "p95": 18.699999999254942,
      "p99": 18.699999999254942,
      "n": 2,
      "mean": 28.049999999813735,
      "max": 37.40000000037253
    },
    "api.session.fetch": {
      "p50": 18.59999999962747,
      "p95": 97.09999999962747,
      "p99": 97.30000000074506,
      "n": 41,
      "mean": 34.98536585366762,
      "max": 97.40000000037253
    },
    "paint.first": {
      "p50": 16.800000000745058,
      "p95": 103,
      "p99": 159.5,
      "n": 66,
      "mean": 29.903030303109325,
      "max": 177.09999999962747
    },
    "api.goal.fetch": {
      "p50": 16,
      "p95": 16,
      "p99": 16,
      "n": 3,
      "mean": 17.766666666915018,
      "max": 21.40000000037253
    },
    "api.goal.gates.fetch": {
      "p50": 7.699999999254942,
      "p95": 16.200000001117587,
      "p99": 16.200000001117587,
      "n": 8,
      "mean": 10.012500000186265,
      "max": 21.5
    },
    "ws.attach": {
      "p50": 4,
      "p95": 24.40000000037253,
      "p99": 24.40000000037253,
      "n": 11,
      "mean": 12.636363636363637,
      "max": 30.59999999962747
    },
    "api.goal.agents.fetch": {
      "p50": 3.899999998509884,
      "p95": 16,
      "p99": 16,
      "n": 8,
      "mean": 8.62499999976717,
      "max": 21.59999999962747
    },
    "nav.click": {
      "p50": 1.6000000014901161,
      "p95": 2.399999998509884,
      "p99": 2.599999999627471,
      "n": 22,
      "mean": 1.6772727272049948,
      "max": 4
    },
    "reducer.rehydrate": {
      "p50": 0.40000000037252903,
      "p95": 0.5,
      "p99": 0.5,
      "n": 11,
      "mean": 0.381818182089112,
      "max": 0.5
    }
  }
}