{
  "commit": "cd1fceb9bc45db9e007e49aced097835eb48c63b",
  "parentCommit": "d6585b4726044faa2e168da156506aec36ec2115",
  "branch": "goal-goal-profile-si-320532b0-coder-f24f3fcd",
  "timestamp": "2026-05-14T06:44:26.710Z",
  "seededSessions": 32,
  "fixtureSize": "large",
  "msgsPerSession": 200,
  "spans": {
    "nav.goal.cold": {
      "p50": 1819.1000000014901,
      "p95": 1819.1000000014901,
      "p99": 1819.1000000014901,
      "n": 1,
      "mean": 1819.1000000014901,
      "max": 1819.1000000014901
    },
    "nav.session.cold": {
      "p50": 348,
      "p95": 348,
      "p99": 348,
      "n": 1,
      "mean": 348,
      "max": 348
    },
    "rapidnav.keystroke.cached": {
      "p50": 177.39999999850988,
      "p95": 276.20000000298023,
      "p99": 276.20000000298023,
      "n": 20,
      "mean": 185.8150000013411,
      "max": 310.70000000298023
    },
    "rapidnav.keystroke.uncached": {
      "p50": 162,
      "p95": 326.80000000447035,
      "p99": 326.80000000447035,
      "n": 20,
      "mean": 193.83500000014902,
      "max": 371.20000000298023
    },
    "nav.session.ready": {
      "p50": 152.70000000298023,
      "p95": 309.90000000596046,
      "p99": 326.80000000447035,
      "n": 60,
      "mean": 167.0733333338052,
      "max": 371.20000000298023
    },
    "rapidnav.gap": {
      "p50": 70.69999999552965,
      "p95": 142.69999999552965,
      "p99": 142.69999999552965,
      "n": 8,
      "mean": 88.17499999888241,
      "max": 202.80000000447035
    },
    "api.session.fetch": {
      "p50": 64.79999999701977,
      "p95": 90,
      "p99": 96.20000000298023,
      "n": 130,
      "mean": 65.41384615359398,
      "max": 97.89999999850988
    },
    "ws.attach": {
      "p50": 59.69999999552965,
      "p95": 82.60000000149012,
      "p99": 92.60000000149012,
      "n": 51,
      "mean": 58.3313725488443,
      "max": 94.5
    },
    "api.goal.gates.fetch": {
      "p50": 38.19999999552965,
      "p95": 236.39999999850988,
      "p99": 236.39999999850988,
      "n": 8,
      "mean": 87.37499999813735,
      "max": 240.39999999850988
    },
    "api.goal.fetch": {
      "p50": 37.79999999701977,
      "p95": 37.79999999701977,
      "p99": 37.79999999701977,
      "n": 3,
      "mean": 51.86666666467985,
      "max": 95.60000000149012
    },
    "nav.goal.ready": {
      "p50": 34.69999999552965,
      "p95": 34.69999999552965,
      "p99": 34.69999999552965,
      "n": 2,
      "mean": 78.89999999850988,
      "max": 123.10000000149012
    },
    "paint.first": {
      "p50": 32.29999999701977,
      "p95": 115.29999999701977,
      "p99": 195.60000000149012,
      "n": 192,
      "mean": 42.19062499993015,
      "max": 214.10000000149012
    },
    "api.goal.agents.fetch": {
      "p50": 5.199999995529652,
      "p95": 38.100000001490116,
      "p99": 38.100000001490116,
      "n": 8,
      "mean": 22.65000000037253,
      "max": 95.40000000596046
    },
    "rapidnav.stall.ms": {
      "p50": 4.399999998509884,
      "p95": 21.5,
      "p99": 22.30000000447035,
      "n": 28,
      "mean": 8.2142857148179,
      "max": 63.899999998509884
    },
    "nav.click": {
      "p50": 3.3000000044703484,
      "p95": 4.699999995529652,
      "p99": 5.300000004470348,
      "n": 62,
      "mean": 3.1338709678140377,
      "max": 5.399999998509884
    },
    "reducer.rehydrate": {
      "p50": 0.3999999985098839,
      "p95": 0.6999999955296516,
      "p99": 1,
      "n": 42,
      "mean": 0.4857142847918329,
      "max": 1
    }
  }
}