{
  "commit": "cd1fceb9bc45db9e007e49aced097835eb48c63b",
  "parentCommit": "d6585b4726044faa2e168da156506aec36ec2115",
  "branch": "goal-goal-profile-si-320532b0-coder-f24f3fcd",
  "timestamp": "2026-05-14T06:46:17.998Z",
  "seededSessions": 32,
  "fixtureSize": "large",
  "msgsPerSession": 200,
  "spans": {
    "nav.goal.cold": {
      "p50": 1898.7000000029802,
      "p95": 1898.7000000029802,
      "p99": 1898.7000000029802,
      "n": 1,
      "mean": 1898.7000000029802,
      "max": 1898.7000000029802
    },
    "nav.session.cold": {
      "p50": 485.80000000447035,
      "p95": 485.80000000447035,
      "p99": 485.80000000447035,
      "n": 1,
      "mean": 485.80000000447035,
      "max": 485.80000000447035
    },
    "rapidnav.keystroke.uncached": {
      "p50": 153.30000000447035,
      "p95": 191.29999999701977,
      "p99": 191.29999999701977,
      "n": 20,
      "mean": 147.9300000000745,
      "max": 229.29999999701977
    },
    "nav.session.ready": {
      "p50": 147.10000000149012,
      "p95": 221.89999999850988,
      "p99": 229.29999999701977,
      "n": 60,
      "mean": 144.12666666644316,
      "max": 243.5
    },
    "rapidnav.keystroke.cached": {
      "p50": 144,
      "p95": 191.5,
      "p99": 191.5,
      "n": 20,
      "mean": 143.839999999851,
      "max": 228.39999999850988
    },
    "api.session.fetch": {
      "p50": 82.79999999701977,
      "p95": 270.3999999985099,
      "p99": 280.5,
      "n": 130,
      "mean": 108.92769230730258,
      "max": 281.30000000447035
    },
    "rapidnav.gap": {
      "p50": 56.30000000447035,
      "p95": 101.10000000149012,
      "p99": 101.10000000149012,
      "n": 17,
      "mean": 60.87058823599535,
      "max": 171.20000000298023
    },
    "ws.attach": {
      "p50": 55.69999999552965,
      "p95": 72.10000000149012,
      "p99": 75.69999999552965,
      "n": 51,
      "mean": 54.031372548610555,
      "max": 79.80000000447035
    },
    "api.goal.fetch": {
      "p50": 53.79999999701977,
      "p95": 53.79999999701977,
      "p99": 53.79999999701977,
      "n": 3,
      "mean": 56.63333333283663,
      "max": 99.10000000149012
    },
    "nav.goal.ready": {
      "p50": 37.5,
      "p95": 37.5,
      "p99": 37.5,
      "n": 2,
      "mean": 80,
      "max": 122.5
    },
    "paint.first": {
      "p50": 29.899999998509884,
      "p95": 74.69999999552965,
      "p99": 94,
      "n": 198,
      "mean": 36.13535353503745,
      "max": 95.60000000149012
    },
    "api.goal.gates.fetch": {
      "p50": 27.69999999552965,
      "p95": 53.5,
      "p99": 53.5,
      "n": 9,
      "mean": 39.13333333200879,
      "max": 118.89999999850988
    },
    "api.goal.agents.fetch": {
      "p50": 17.19999999552965,
      "p95": 96,
      "p99": 96,
      "n": 8,
      "mean": 45.07499999832362,
      "max": 159.69999999552965
    },
    "rapidnav.stall.ms": {
      "p50": 4.800000004470348,
      "p95": 10.399999998509884,
      "p99": 10.399999998509884,
      "n": 19,
      "mean": 7.900000000470563,
      "max": 55.80000000447035
    },
    "nav.click": {
      "p50": 2.2999999970197678,
      "p95": 3.2999999970197678,
      "p99": 3.7000000029802322,
      "n": 62,
      "mean": 2.2935483871448423,
      "max": 3.7000000029802322
    },
    "reducer.rehydrate": {
      "p50": 0.5,
      "p95": 0.8999999985098839,
      "p99": 1.2000000029802322,
      "n": 44,
      "mean": 0.5568181826648387,
      "max": 2.2000000029802322
    }
  }
}