{
  "commit": "d6585b4726044faa2e168da156506aec36ec2115",
  "parentCommit": "be4da3e37a802417afb80b11161b96082cfc7c80",
  "branch": "goal-goal-profile-si-320532b0-coder-ca587069",
  "timestamp": "2026-05-14T06:40:29.563Z",
  "seededSessions": 32,
  "fixtureSize": "large",
  "msgsPerSession": 200,
  "perfFlags": "lazyToolContent",
  "tag": "opt-b-on",
  "kind": "experiment",
  "experimentTag": "opt-b",
  "experimentCondition": "on",
  "spans": {
    "nav.goal.cold": {
      "p50": 1862.5,
      "p95": 1862.5,
      "p99": 1862.5,
      "n": 1,
      "mean": 1862.5,
      "max": 1862.5
    },
    "nav.session.cold": {
      "p50": 480.20000000298023,
      "p95": 480.20000000298023,
      "p99": 480.20000000298023,
      "n": 1,
      "mean": 480.20000000298023,
      "max": 480.20000000298023
    },
    "rapidnav.keystroke.uncached": {
      "p50": 182.79999999701977,
      "p95": 322.8999999985099,
      "p99": 322.8999999985099,
      "n": 20,
      "mean": 214.18500000014902,
      "max": 459.8999999985099
    },
    "nav.session.ready": {
      "p50": 155.20000000298023,
      "p95": 319.70000000298023,
      "p99": 351.29999999701977,
      "n": 60,
      "mean": 178.42833333375555,
      "max": 459.8999999985099
    },
    "rapidnav.keystroke.cached": {
      "p50": 150.79999999701977,
      "p95": 301.1000000014901,
      "p99": 301.1000000014901,
      "n": 20,
      "mean": 172.58000000044703,
      "max": 351.29999999701977
    },
    "rapidnav.gap": {
      "p50": 101.70000000298023,
      "p95": 169.39999999850988,
      "p99": 169.39999999850988,
      "n": 8,
      "mean": 134.06249999906868,
      "max": 415.1000000014901
    },
    "api.session.fetch": {
      "p50": 74.69999999552965,
      "p95": 443.8999999985099,
      "p99": 455,
      "n": 130,
      "mean": 140.52538461518975,
      "max": 460.09999999403954
    },
    "ws.attach": {
      "p50": 62.100000001490116,
      "p95": 97.40000000596046,
      "p99": 122.10000000149012,
      "n": 51,
      "mean": 65.78039215724257,
      "max": 150.89999999850988
    },
    "paint.first": {
      "p50": 30.19999999552965,
      "p95": 103,
      "p99": 142.70000000298023,
      "n": 215,
      "mean": 39.146976744296936,
      "max": 218.5
    },
    "nav.goal.ready": {
      "p50": 28,
      "p95": 28,
      "p99": 28,
      "n": 2,
      "mean": 81.10000000149012,
      "max": 134.20000000298023
    },
    "api.goal.fetch": {
      "p50": 20.5,
      "p95": 20.5,
      "p99": 20.5,
      "n": 3,
      "mean": 19.766666668156784,
      "max": 21.600000001490116
    },
    "api.goal.gates.fetch": {
      "p50": 14.199999995529652,
      "p95": 21.5,
      "p99": 21.5,
      "n": 9,
      "mean": 15.111111110283268,
      "max": 30.69999999552965
    },
    "api.goal.agents.fetch": {
      "p50": 14.099999994039536,
      "p95": 20.80000000447035,
      "p99": 20.80000000447035,
      "n": 8,
      "mean": 13.612500000745058,
      "max": 21.5
    },
    "rapidnav.stall.ms": {
      "p50": 6.799999997019768,
      "p95": 32.19999999552965,
      "p99": 65.30000000447035,
      "n": 28,
      "mean": 13.88928571343422,
      "max": 66.89999999850988
    },
    "nav.click": {
      "p50": 3.5,
      "p95": 4.899999998509884,
      "p99": 6.4000000059604645,
      "n": 62,
      "mean": 3.237096774481958,
      "max": 12.199999995529652
    },
    "reducer.rehydrate": {
      "p50": 0.5,
      "p95": 0.8000000044703484,
      "p99": 0.8999999985098839,
      "n": 37,
      "mean": 0.5351351356586894,
      "max": 1.7000000029802322
    }
  }
}
