{
  "commit": "d6585b4726044faa2e168da156506aec36ec2115",
  "parentCommit": "be4da3e37a802417afb80b11161b96082cfc7c80",
  "branch": "goal-goal-profile-si-320532b0-coder-ca587069",
  "timestamp": "2026-05-14T06:29:01.092Z",
  "seededSessions": 32,
  "fixtureSize": "large",
  "msgsPerSession": 200,
  "perfFlags": null,
  "tag": "opt-b-off",
  "kind": "experiment",
  "experimentTag": "opt-b",
  "experimentCondition": "off",
  "spans": {
    "nav.goal.cold": {
      "p50": 1735.6000000014901,
      "p95": 1735.6000000014901,
      "p99": 1735.6000000014901,
      "n": 1,
      "mean": 1735.6000000014901,
      "max": 1735.6000000014901
    },
    "nav.session.cold": {
      "p50": 295.80000000447035,
      "p95": 295.80000000447035,
      "p99": 295.80000000447035,
      "n": 1,
      "mean": 295.80000000447035,
      "max": 295.80000000447035
    },
    "rapidnav.keystroke.uncached": {
      "p50": 150.60000000149012,
      "p95": 197.5,
      "p99": 197.5,
      "n": 20,
      "mean": 151.81500000096858,
      "max": 207.89999999850988
    },
    "nav.session.ready": {
      "p50": 148.90000000596046,
      "p95": 200.79999999701977,
      "p99": 207.29999999701977,
      "n": 60,
      "mean": 134.44333333348234,
      "max": 207.89999999850988
    },
    "rapidnav.keystroke.cached": {
      "p50": 122.60000000149012,
      "p95": 188,
      "p99": 188,
      "n": 20,
      "mean": 133.55000000037253,
      "max": 200.79999999701977
    },
    "api.session.fetch": {
      "p50": 46.30000000447035,
      "p95": 198.5,
      "p99": 203.20000000298023,
      "n": 130,
      "mean": 80.12846153871371,
      "max": 205.79999999701977
    },
    "ws.attach": {
      "p50": 44.79999999701977,
      "p95": 53.600000001490116,
      "p99": 67.70000000298023,
      "n": 51,
      "mean": 41.082352941819266,
      "max": 75.80000000447035
    },
    "rapidnav.gap": {
      "p50": 35.19999999552965,
      "p95": 106,
      "p99": 106,
      "n": 14,
      "mean": 52.29285714189921,
      "max": 106.89999999850988
    },
    "nav.goal.ready": {
      "p50": 30.700000002980232,
      "p95": 30.700000002980232,
      "p99": 30.700000002980232,
      "n": 2,
      "mean": 54.650000002235174,
      "max": 78.60000000149012
    },
    "api.goal.fetch": {
      "p50": 25.200000002980232,
      "p95": 25.200000002980232,
      "p99": 25.200000002980232,
      "n": 3,
      "mean": 29.766666668156784,
      "max": 51.100000001490116
    },
    "paint.first": {
      "p50": 22,
      "p95": 88.29999999701977,
      "p99": 97.30000000447035,
      "n": 192,
      "mean": 32.68645833331781,
      "max": 115.19999999552965
    },
    "api.goal.gates.fetch": {
      "p50": 10.200000002980232,
      "p95": 36.600000001490116,
      "p99": 36.600000001490116,
      "n": 9,
      "mean": 18.27777777860562,
      "max": 51.30000000447035
    },
    "api.goal.agents.fetch": {
      "p50": 4.0999999940395355,
      "p95": 25.30000000447035,
      "p99": 25.30000000447035,
      "n": 8,
      "mean": 14.149999998509884,
      "max": 51
    },
    "rapidnav.stall.ms": {
      "p50": 3.9000000059604645,
      "p95": 40.900000005960464,
      "p99": 43.100000001490116,
      "n": 22,
      "mean": 11.718181819739668,
      "max": 89
    },
    "nav.click": {
      "p50": 2.1999999955296516,
      "p95": 3,
      "p99": 4.5,
      "n": 62,
      "mean": 2.1935483867362624,
      "max": 4.5999999940395355
    },
    "reducer.rehydrate": {
      "p50": 0.3999999985098839,
      "p95": 0.6000000014901161,
      "p99": 0.6999999955296516,
      "n": 47,
      "mean": 0.419148935758053,
      "max": 1.6000000014901161
    }
  }
}
