{
  "commit": "d9750cabb940dce595dfc8afce16336301c0bc4e",
  "parentCommit": "2868463d71cb9ca28b3ef0e6ae4e4663d7d26bff",
  "branch": "goal-goal-profile-si-320532b0-coder-69f4ad15",
  "timestamp": "2026-05-14T09:25:33.086Z",
  "seededSessions": 32,
  "fixtureSize": "large",
  "msgsPerSession": 200,
  "perfFlags": "-deferOffscreenRender",
  "tag": "progression-step0-baseline-4",
  "kind": "progression",
  "spans": {
    "nav.goal.cold": {
      "p50": 1744.1000000014901,
      "p95": 1744.1000000014901,
      "p99": 1744.1000000014901,
      "n": 1,
      "mean": 1744.1000000014901,
      "max": 1744.1000000014901
    },
    "nav.session.cold": {
      "p50": 355.6000000014901,
      "p95": 355.6000000014901,
      "p99": 355.6000000014901,
      "n": 1,
      "mean": 355.6000000014901,
      "max": 355.6000000014901
    },
    "rapidnav.keystroke.uncached": {
      "p50": 159.20000000298023,
      "p95": 225.10000000149012,
      "p99": 225.10000000149012,
      "n": 20,
      "mean": 164.11999999955296,
      "max": 273.20000000298023
    },
    "nav.session.ready": {
      "p50": 140.10000000149012,
      "p95": 236.80000000447035,
      "p99": 262.59999999403954,
      "n": 60,
      "mean": 142.65333333338302,
      "max": 273.20000000298023
    },
    "rapidnav.keystroke.cached": {
      "p50": 140.10000000149012,
      "p95": 227.30000000447035,
      "p99": 227.30000000447035,
      "n": 20,
      "mean": 138.91000000052153,
      "max": 252.59999999403954
    },
    "api.session.fetch": {
      "p50": 62.100000001490116,
      "p95": 242.69999999552965,
      "p99": 284.3999999985099,
      "n": 130,
      "mean": 93.52230769241085,
      "max": 287.1000000014901
    },
    "ws.attach": {
      "p50": 53,
      "p95": 69.39999999850988,
      "p99": 71.29999999701977,
      "n": 51,
      "mean": 50.83529411796846,
      "max": 111.20000000298023
    },
    "nav.goal.ready": {
      "p50": 33.899999998509884,
      "p95": 33.899999998509884,
      "p99": 33.899999998509884,
      "n": 2,
      "mean": 58.899999998509884,
      "max": 83.89999999850988
    },
    "api.goal.gates.fetch": {
      "p50": 31.100000001490116,
      "p95": 41.100000001490116,
      "p99": 41.100000001490116,
      "n": 9,
      "mean": 36.355555556714535,
      "max": 131.39999999850988
    },
    "rapidnav.gap": {
      "p50": 27.19999999552965,
      "p95": 107.59999999403954,
      "p99": 107.59999999403954,
      "n": 14,
      "mean": 56.7357142860336,
      "max": 109.40000000596046
    },
    "paint.first": {
      "p50": 25.299999997019768,
      "p95": 94.60000000149012,
      "p99": 116.89999999850988,
      "n": 194,
      "mean": 35.14278350490117,
      "max": 135.60000000149012
    },
    "api.goal.fetch": {
      "p50": 21.099999994039536,
      "p95": 21.099999994039536,
      "p99": 21.099999994039536,
      "n": 3,
      "mean": 51.39999999602636,
      "max": 112.09999999403954
    },
    "api.goal.agents.fetch": {
      "p50": 5.399999998509884,
      "p95": 34.30000000447035,
      "p99": 34.30000000447035,
      "n": 8,
      "mean": 24.612500000745058,
      "max": 103.10000000149012
    },
    "rapidnav.stall.ms": {
      "p50": 4,
      "p95": 7.200000002980232,
      "p99": 17.5,
      "n": 22,
      "mean": 8.159090909090908,
      "max": 82
    },
    "nav.click": {
      "p50": 2.399999998509884,
      "p95": 4.200000002980232,
      "p99": 4.899999998509884,
      "n": 62,
      "mean": 2.5403225799241373,
      "max": 5.399999998509884
    },
    "reducer.rehydrate": {
      "p50": 0.4000000059604645,
      "p95": 0.7000000029802322,
      "p99": 1.7999999970197678,
      "n": 43,
      "mean": 0.5232558136069497,
      "max": 2.5
    }
  },
  "progressionStep": 0,
  "progressionLabel": "baseline",
  "progressionFlags": "-deferOffscreenRender",
  "progressionShippedSince": []
}