{
  "commit": "d9750cabb940dce595dfc8afce16336301c0bc4e",
  "parentCommit": "2868463d71cb9ca28b3ef0e6ae4e4663d7d26bff",
  "branch": "goal-goal-profile-si-320532b0-coder-69f4ad15",
  "timestamp": "2026-05-14T09:31:49.941Z",
  "seededSessions": 32,
  "fixtureSize": "large",
  "msgsPerSession": 200,
  "perfFlags": null,
  "tag": "progression-step1-opt-a-3",
  "kind": "progression",
  "spans": {
    "nav.goal.cold": {
      "p50": 1751.2000000029802,
      "p95": 1751.2000000029802,
      "p99": 1751.2000000029802,
      "n": 1,
      "mean": 1751.2000000029802,
      "max": 1751.2000000029802
    },
    "nav.session.cold": {
      "p50": 270.8999999985099,
      "p95": 270.8999999985099,
      "p99": 270.8999999985099,
      "n": 1,
      "mean": 270.8999999985099,
      "max": 270.8999999985099
    },
    "rapidnav.keystroke.uncached": {
      "p50": 133.10000000149012,
      "p95": 207.69999999552965,
      "p99": 207.69999999552965,
      "n": 20,
      "mean": 139.22499999962747,
      "max": 223.39999999850988
    },
    "nav.session.ready": {
      "p50": 109,
      "p95": 179.20000000298023,
      "p99": 207.69999999552965,
      "n": 60,
      "mean": 112.93833333340784,
      "max": 223.39999999850988
    },
    "rapidnav.keystroke.cached": {
      "p50": 109,
      "p95": 151.60000000149012,
      "p99": 151.60000000149012,
      "n": 20,
      "mean": 114.46500000022351,
      "max": 152.5
    },
    "rapidnav.gap": {
      "p50": 54.399999998509884,
      "p95": 115.30000000447035,
      "p99": 115.30000000447035,
      "n": 18,
      "mean": 63.25555555522442,
      "max": 138.70000000298023
    },
    "api.session.fetch": {
      "p50": 43.5,
      "p95": 194.79999999701977,
      "p99": 197.29999999701977,
      "n": 130,
      "mean": 79.02307692284768,
      "max": 198
    },
    "ws.attach": {
      "p50": 43,
      "p95": 56,
      "p99": 62.399999998509884,
      "n": 51,
      "mean": 39.56274509795156,
      "max": 80.60000000149012
    },
    "nav.goal.ready": {
      "p50": 34.20000000298023,
      "p95": 34.20000000298023,
      "p99": 34.20000000298023,
      "n": 2,
      "mean": 67,
      "max": 99.79999999701977
    },
    "paint.first": {
      "p50": 21.600000001490116,
      "p95": 48.69999999552965,
      "p99": 76.40000000596046,
      "n": 196,
      "mean": 26.92040816333373,
      "max": 111.10000000149012
    },
    "api.goal.fetch": {
      "p50": 20,
      "p95": 20,
      "p99": 20,
      "n": 3,
      "mean": 18.733333334326744,
      "max": 22.100000001490116
    },
    "api.goal.gates.fetch": {
      "p50": 15.600000001490116,
      "p95": 23.399999998509884,
      "p99": 23.399999998509884,
      "n": 9,
      "mean": 15.011111110448837,
      "max": 23.599999994039536
    },
    "api.goal.agents.fetch": {
      "p50": 6,
      "p95": 21.5,
      "p99": 21.5,
      "n": 8,
      "mean": 16.975000000558794,
      "max": 66.30000000447035
    },
    "rapidnav.stall.ms": {
      "p50": 3.7999999970197678,
      "p95": 34.600000001490116,
      "p99": 34.600000001490116,
      "n": 18,
      "mean": 7.899999999337727,
      "max": 37.899999998509884
    },
    "nav.click": {
      "p50": 1.5,
      "p95": 2.100000001490116,
      "p99": 2.4000000059604645,
      "n": 62,
      "mean": 1.5580645161530664,
      "max": 3.7999999970197678
    },
    "reducer.rehydrate": {
      "p50": 0.3999999985098839,
      "p95": 0.5,
      "p99": 0.5,
      "n": 48,
      "mean": 0.3833333326814075,
      "max": 0.5999999940395355
    }
  },
  "progressionStep": 1,
  "progressionLabel": "+Opt-A",
  "progressionFlags": "",
  "progressionShippedSince": [
    "opt-a"
  ]
}