{
  "commit": "d9750cabb940dce595dfc8afce16336301c0bc4e",
  "parentCommit": "2868463d71cb9ca28b3ef0e6ae4e4663d7d26bff",
  "branch": "goal-goal-profile-si-320532b0-coder-69f4ad15",
  "timestamp": "2026-05-14T09:34:50.119Z",
  "seededSessions": 32,
  "fixtureSize": "large",
  "msgsPerSession": 200,
  "perfFlags": null,
  "tag": "progression-step1-opt-a-5",
  "kind": "progression",
  "spans": {
    "nav.goal.cold": {
      "p50": 1775.6000000014901,
      "p95": 1775.6000000014901,
      "p99": 1775.6000000014901,
      "n": 1,
      "mean": 1775.6000000014901,
      "max": 1775.6000000014901
    },
    "nav.session.cold": {
      "p50": 294.29999999701977,
      "p95": 294.29999999701977,
      "p99": 294.29999999701977,
      "n": 1,
      "mean": 294.29999999701977,
      "max": 294.29999999701977
    },
    "rapidnav.keystroke.cached": {
      "p50": 166,
      "p95": 248.60000000149012,
      "p99": 248.60000000149012,
      "n": 20,
      "mean": 171.04000000022353,
      "max": 288
    },
    "rapidnav.keystroke.uncached": {
      "p50": 161.70000000298023,
      "p95": 215.60000000149012,
      "p99": 215.60000000149012,
      "n": 20,
      "mean": 156.0300000000745,
      "max": 253.89999999850988
    },
    "nav.session.ready": {
      "p50": 134.5,
      "p95": 215.60000000149012,
      "p99": 253.89999999850988,
      "n": 60,
      "mean": 139.781666666766,
      "max": 288
    },
    "api.session.fetch": {
      "p50": 77.39999999850988,
      "p95": 366.29999999701977,
      "p99": 377.1000000014901,
      "n": 130,
      "mean": 125.53230769250256,
      "max": 377.69999999552965
    },
    "rapidnav.gap": {
      "p50": 63.79999999701977,
      "p95": 77.79999999701977,
      "p99": 77.79999999701977,
      "n": 14,
      "mean": 56.28571428358555,
      "max": 79.19999999552965
    },
    "ws.attach": {
      "p50": 53.70000000298023,
      "p95": 76.89999999850988,
      "p99": 79.10000000149012,
      "n": 51,
      "mean": 49.49411764726335,
      "max": 80.70000000298023
    },
    "nav.goal.ready": {
      "p50": 37.5,
      "p95": 37.5,
      "p99": 37.5,
      "n": 2,
      "mean": 62.44999999925494,
      "max": 87.39999999850988
    },
    "api.goal.fetch": {
      "p50": 36,
      "p95": 36,
      "p99": 36,
      "n": 3,
      "mean": 33.46666666865349,
      "max": 39.100000001490116
    },
    "api.goal.gates.fetch": {
      "p50": 35.600000001490116,
      "p95": 66.80000000447035,
      "p99": 66.80000000447035,
      "n": 8,
      "mean": 39.750000001862645,
      "max": 73.40000000596046
    },
    "paint.first": {
      "p50": 28.400000005960464,
      "p95": 61.20000000298023,
      "p99": 82,
      "n": 197,
      "mean": 32.274619289650225,
      "max": 88.30000000447035
    },
    "api.goal.agents.fetch": {
      "p50": 16.900000005960464,
      "p95": 38.600000001490116,
      "p99": 38.600000001490116,
      "n": 8,
      "mean": 25.512500001117587,
      "max": 69
    },
    "rapidnav.stall.ms": {
      "p50": 8.799999997019768,
      "p95": 35,
      "p99": 53.399999998509884,
      "n": 22,
      "mean": 15.859090908684514,
      "max": 61.899999998509884
    },
    "nav.click": {
      "p50": 2.0999999940395355,
      "p95": 3.6999999955296516,
      "p99": 5.899999998509884,
      "n": 62,
      "mean": 2.440322580236581,
      "max": 17.30000000447035
    },
    "reducer.rehydrate": {
      "p50": 0.3999999985098839,
      "p95": 1,
      "p99": 2.2999999970197678,
      "n": 44,
      "mean": 0.5818181813440539,
      "max": 3.5
    }
  },
  "progressionStep": 1,
  "progressionLabel": "+Opt-A",
  "progressionFlags": "",
  "progressionShippedSince": [
    "opt-a"
  ]
}