{
  "commit": "d9750cabb940dce595dfc8afce16336301c0bc4e",
  "parentCommit": "2868463d71cb9ca28b3ef0e6ae4e4663d7d26bff",
  "branch": "goal-goal-profile-si-320532b0-coder-69f4ad15",
  "timestamp": "2026-05-14T09:22:18.893Z",
  "seededSessions": 32,
  "fixtureSize": "large",
  "msgsPerSession": 200,
  "perfFlags": "-deferOffscreenRender",
  "tag": "progression-step0-baseline-2",
  "kind": "progression",
  "spans": {
    "nav.session.cold": {
      "p50": 2335,
      "p95": 2335,
      "p99": 2335,
      "n": 1,
      "mean": 2335,
      "max": 2335
    },
    "nav.goal.cold": {
      "p50": 1847,
      "p95": 1847,
      "p99": 1847,
      "n": 1,
      "mean": 1847,
      "max": 1847
    },
    "rapidnav.keystroke.uncached": {
      "p50": 133.20000000298023,
      "p95": 250.09999999403954,
      "p99": 250.09999999403954,
      "n": 20,
      "mean": 152.64000000059605,
      "max": 264.1000000014901
    },
    "nav.session.ready": {
      "p50": 127.89999999850988,
      "p95": 531.4000000059605,
      "p99": 650.5,
      "n": 60,
      "mean": 192.6416666664183,
      "max": 758.8999999985099
    },
    "rapidnav.keystroke.cached": {
      "p50": 125.70000000298023,
      "p95": 229.60000000149012,
      "p99": 229.60000000149012,
      "n": 20,
      "mean": 144.0699999988079,
      "max": 383.6000000014901
    },
    "api.session.fetch": {
      "p50": 67.09999999403954,
      "p95": 1295.5,
      "p99": 1309.1000000014901,
      "n": 131,
      "mean": 303.0702290074857,
      "max": 1309.8000000044703
    },
    "ws.attach": {
      "p50": 54.19999999552965,
      "p95": 77.29999999701977,
      "p99": 154.5,
      "n": 52,
      "mean": 57.89230769213576,
      "max": 290.3999999985099
    },
    "rapidnav.gap": {
      "p50": 45.79999999701977,
      "p95": 126.79999999701977,
      "p99": 126.79999999701977,
      "n": 14,
      "mean": 62.77142857068351,
      "max": 131.69999999552965
    },
    "nav.goal.ready": {
      "p50": 41,
      "p95": 41,
      "p99": 41,
      "n": 2,
      "mean": 68.09999999776483,
      "max": 95.19999999552965
    },
    "api.goal.fetch": {
      "p50": 38,
      "p95": 38,
      "p99": 38,
      "n": 3,
      "mean": 39.66666666418314,
      "max": 53.29999999701977
    },
    "api.goal.gates.fetch": {
      "p50": 27.700000002980232,
      "p95": 388.79999999701977,
      "p99": 388.79999999701977,
      "n": 9,
      "mean": 105.84444444461002,
      "max": 407.70000000298023
    },
    "paint.first": {
      "p50": 25,
      "p95": 119.80000000447035,
      "p99": 189.89999999850988,
      "n": 199,
      "mean": 36.34321608049935,
      "max": 200.89999999850988
    },
    "api.goal.agents.fetch": {
      "p50": 7.300000004470348,
      "p95": 39.20000000298023,
      "p99": 39.20000000298023,
      "n": 8,
      "mean": 22.350000001490116,
      "max": 61.20000000298023
    },
    "rapidnav.stall.ms": {
      "p50": 4.399999998509884,
      "p95": 9.099999994039536,
      "p99": 11.399999998509884,
      "n": 22,
      "mean": 5.154545453461734,
      "max": 14.799999997019768
    },
    "nav.click": {
      "p50": 2.899999998509884,
      "p95": 4.4000000059604645,
      "p99": 6.299999997019768,
      "n": 62,
      "mean": 2.798387097014535,
      "max": 8.300000004470348
    },
    "reducer.rehydrate": {
      "p50": 0.5,
      "p95": 0.8999999985098839,
      "p99": 0.8999999985098839,
      "n": 41,
      "mean": 0.4975609755734118,
      "max": 1
    }
  },
  "progressionStep": 0,
  "progressionLabel": "baseline",
  "progressionFlags": "-deferOffscreenRender",
  "progressionShippedSince": []
}