{
  "commit": "d9750cabb940dce595dfc8afce16336301c0bc4e",
  "parentCommit": "2868463d71cb9ca28b3ef0e6ae4e4663d7d26bff",
  "branch": "goal-goal-profile-si-320532b0-coder-69f4ad15",
  "timestamp": "2026-05-14T09:30:21.188Z",
  "seededSessions": 32,
  "fixtureSize": "large",
  "msgsPerSession": 200,
  "perfFlags": null,
  "tag": "progression-step1-opt-a-2",
  "kind": "progression",
  "spans": {
    "nav.goal.cold": {
      "p50": 1873.2999999970198,
      "p95": 1873.2999999970198,
      "p99": 1873.2999999970198,
      "n": 1,
      "mean": 1873.2999999970198,
      "max": 1873.2999999970198
    },
    "nav.session.cold": {
      "p50": 338.29999999701977,
      "p95": 338.29999999701977,
      "p99": 338.29999999701977,
      "n": 1,
      "mean": 338.29999999701977,
      "max": 338.29999999701977
    },
    "rapidnav.keystroke.cached": {
      "p50": 161.70000000298023,
      "p95": 226.60000000149012,
      "p99": 226.60000000149012,
      "n": 20,
      "mean": 160.6849999997765,
      "max": 233.29999999701977
    },
    "rapidnav.keystroke.uncached": {
      "p50": 154.09999999403954,
      "p95": 224.5,
      "p99": 224.5,
      "n": 20,
      "mean": 156.15499999932945,
      "max": 241.29999999701977
    },
    "nav.session.ready": {
      "p50": 134.70000000298023,
      "p95": 224.5,
      "p99": 233.29999999701977,
      "n": 60,
      "mean": 137.47499999975165,
      "max": 241.29999999701977
    },
    "api.goal.fetch": {
      "p50": 90,
      "p95": 90,
      "p99": 90,
      "n": 3,
      "mean": 100.03333333631356,
      "max": 126.70000000298023
    },
    "api.session.fetch": {
      "p50": 60.600000001490116,
      "p95": 111.30000000447035,
      "p99": 462.69999999552965,
      "n": 130,
      "mean": 78.75461538468416,
      "max": 477.80000000447035
    },
    "ws.attach": {
      "p50": 50.100000001490116,
      "p95": 66.5,
      "p99": 67.60000000149012,
      "n": 51,
      "mean": 48.36470588238216,
      "max": 93.40000000596046
    },
    "rapidnav.gap": {
      "p50": 43.19999999552965,
      "p95": 82,
      "p99": 82,
      "n": 17,
      "mean": 46.31764705829761,
      "max": 105.20000000298023
    },
    "nav.goal.ready": {
      "p50": 29.900000005960464,
      "p95": 29.900000005960464,
      "p99": 29.900000005960464,
      "n": 2,
      "mean": 43.70000000298023,
      "max": 57.5
    },
    "api.goal.gates.fetch": {
      "p50": 24.799999997019768,
      "p95": 102.30000000447035,
      "p99": 102.30000000447035,
      "n": 9,
      "mean": 54.7222222197387,
      "max": 127.79999999701977
    },
    "paint.first": {
      "p50": 24,
      "p95": 61.600000001490116,
      "p99": 83.20000000298023,
      "n": 198,
      "mean": 30.09898989918557,
      "max": 92.39999999850988
    },
    "api.goal.agents.fetch": {
      "p50": 10.5,
      "p95": 90,
      "p99": 90,
      "n": 8,
      "mean": 44.33750000130385,
      "max": 125.89999999850988
    },
    "rapidnav.stall.ms": {
      "p50": 4.699999995529652,
      "p95": 79.39999999850988,
      "p99": 79.39999999850988,
      "n": 19,
      "mean": 18.657894736842106,
      "max": 113.10000000149012
    },
    "nav.click": {
      "p50": 1.6999999955296516,
      "p95": 2.899999998509884,
      "p99": 3.2999999970197678,
      "n": 62,
      "mean": 1.722580644392198,
      "max": 4.5
    },
    "reducer.rehydrate": {
      "p50": 0.3999999985098839,
      "p95": 0.7000000029802322,
      "p99": 0.8999999985098839,
      "n": 43,
      "mean": 0.49534883662018664,
      "max": 3.5
    }
  },
  "progressionStep": 1,
  "progressionLabel": "+Opt-A",
  "progressionFlags": "",
  "progressionShippedSince": [
    "opt-a"
  ]
}