{
  "commit": "d9750cabb940dce595dfc8afce16336301c0bc4e",
  "parentCommit": "2868463d71cb9ca28b3ef0e6ae4e4663d7d26bff",
  "branch": "goal-goal-profile-si-320532b0-coder-69f4ad15",
  "timestamp": "2026-05-14T09:33:16.223Z",
  "seededSessions": 32,
  "fixtureSize": "large",
  "msgsPerSession": 200,
  "perfFlags": null,
  "tag": "progression-step1-opt-a-4",
  "kind": "progression",
  "spans": {
    "nav.goal.cold": {
      "p50": 1730.6999999955297,
      "p95": 1730.6999999955297,
      "p99": 1730.6999999955297,
      "n": 1,
      "mean": 1730.6999999955297,
      "max": 1730.6999999955297
    },
    "nav.session.cold": {
      "p50": 273.8999999985099,
      "p95": 273.8999999985099,
      "p99": 273.8999999985099,
      "n": 1,
      "mean": 273.8999999985099,
      "max": 273.8999999985099
    },
    "rapidnav.keystroke.uncached": {
      "p50": 116.70000000298023,
      "p95": 151.19999999552965,
      "p99": 151.19999999552965,
      "n": 20,
      "mean": 116.75499999932944,
      "max": 181.69999999552965
    },
    "rapidnav.keystroke.cached": {
      "p50": 108.10000000149012,
      "p95": 146.40000000596046,
      "p99": 146.40000000596046,
      "n": 20,
      "mean": 110.96000000089407,
      "max": 161.30000000447035
    },
    "nav.session.ready": {
      "p50": 104.89999999850988,
      "p95": 151.19999999552965,
      "p99": 161.30000000447035,
      "n": 60,
      "mean": 102.9733333333085,
      "max": 181.69999999552965
    },
    "rapidnav.gap": {
      "p50": 72.10000000149012,
      "p95": 101.79999999701977,
      "p99": 101.79999999701977,
      "n": 18,
      "mean": 70.01111111086276,
      "max": 108.89999999850988
    },
    "api.session.fetch": {
      "p50": 56.100000001490116,
      "p95": 170.89999999850988,
      "p99": 174.89999999850988,
      "n": 129,
      "mean": 81.32713178285333,
      "max": 176.60000000149012
    },
    "ws.attach": {
      "p50": 40.79999999701977,
      "p95": 58.400000005960464,
      "p99": 62.899999998509884,
      "n": 51,
      "mean": 39.6450980387482,
      "max": 65.19999999552965
    },
    "nav.goal.ready": {
      "p50": 33.399999998509884,
      "p95": 33.399999998509884,
      "p99": 33.399999998509884,
      "n": 2,
      "mean": 57.24999999627471,
      "max": 81.09999999403954
    },
    "api.goal.fetch": {
      "p50": 25.399999998509884,
      "p95": 25.399999998509884,
      "p99": 25.399999998509884,
      "n": 3,
      "mean": 22.733333334326744,
      "max": 28.200000002980232
    },
    "paint.first": {
      "p50": 21.100000001490116,
      "p95": 49,
      "p99": 62.20000000298023,
      "n": 194,
      "mean": 25.67268041248635,
      "max": 92.39999999850988
    },
    "api.goal.gates.fetch": {
      "p50": 14.600000001490116,
      "p95": 25.399999998509884,
      "p99": 25.399999998509884,
      "n": 8,
      "mean": 16.262499997392297,
      "max": 28.399999998509884
    },
    "api.goal.agents.fetch": {
      "p50": 6,
      "p95": 25.399999998509884,
      "p99": 25.399999998509884,
      "n": 8,
      "mean": 12.437499999068677,
      "max": 28
    },
    "rapidnav.stall.ms": {
      "p50": 4.600000001490116,
      "p95": 56.899999998509884,
      "p99": 56.899999998509884,
      "n": 18,
      "mean": 15.827777778522837,
      "max": 66.69999999552965
    },
    "nav.click": {
      "p50": 1.5,
      "p95": 2.2999999970197678,
      "p99": 2.7000000029802322,
      "n": 62,
      "mean": 1.530645161025947,
      "max": 2.7999999970197678
    },
    "reducer.rehydrate": {
      "p50": 0.30000000447034836,
      "p95": 0.5,
      "p99": 0.7000000029802322,
      "n": 44,
      "mean": 0.37045454572547565,
      "max": 1.2000000029802322
    }
  },
  "progressionStep": 1,
  "progressionLabel": "+Opt-A",
  "progressionFlags": "",
  "progressionShippedSince": [
    "opt-a"
  ]
}