{
  "commit": "d9750cabb940dce595dfc8afce16336301c0bc4e",
  "parentCommit": "2868463d71cb9ca28b3ef0e6ae4e4663d7d26bff",
  "branch": "goal-goal-profile-si-320532b0-coder-69f4ad15",
  "timestamp": "2026-05-14T09:27:05.012Z",
  "seededSessions": 32,
  "fixtureSize": "large",
  "msgsPerSession": 200,
  "perfFlags": "-deferOffscreenRender",
  "tag": "progression-step0-baseline-5",
  "kind": "progression",
  "spans": {
    "nav.goal.cold": {
      "p50": 1785.6000000014901,
      "p95": 1785.6000000014901,
      "p99": 1785.6000000014901,
      "n": 1,
      "mean": 1785.6000000014901,
      "max": 1785.6000000014901
    },
    "nav.session.cold": {
      "p50": 384.40000000596046,
      "p95": 384.40000000596046,
      "p99": 384.40000000596046,
      "n": 1,
      "mean": 384.40000000596046,
      "max": 384.40000000596046
    },
    "rapidnav.keystroke.cached": {
      "p50": 184.5,
      "p95": 213.79999999701977,
      "p99": 213.79999999701977,
      "n": 20,
      "mean": 172.64499999955297,
      "max": 229.10000000149012
    },
    "nav.session.ready": {
      "p50": 157.79999999701977,
      "p95": 242.5,
      "p99": 257.5,
      "n": 60,
      "mean": 149.2050000000745,
      "max": 296.8999999985099
    },
    "rapidnav.keystroke.uncached": {
      "p50": 132.70000000298023,
      "p95": 257.5,
      "p99": 257.5,
      "n": 20,
      "mean": 155.24000000022352,
      "max": 296.8999999985099
    },
    "api.session.fetch": {
      "p50": 50.70000000298023,
      "p95": 277.1000000014901,
      "p99": 291.6000000014901,
      "n": 130,
      "mean": 96.55846153841568,
      "max": 294.3999999985099
    },
    "ws.attach": {
      "p50": 49,
      "p95": 67.29999999701977,
      "p99": 70.40000000596046,
      "n": 51,
      "mean": 47.205882353671626,
      "max": 78.80000000447035
    },
    "nav.goal.ready": {
      "p50": 40.70000000298023,
      "p95": 40.70000000298023,
      "p99": 40.70000000298023,
      "n": 2,
      "mean": 71.25000000372529,
      "max": 101.80000000447035
    },
    "rapidnav.gap": {
      "p50": 28.900000005960464,
      "p95": 129.10000000149012,
      "p99": 129.10000000149012,
      "n": 12,
      "mean": 56.40833333445092,
      "max": 132.29999999701977
    },
    "paint.first": {
      "p50": 24.700000002980232,
      "p95": 97,
      "p99": 134.59999999403954,
      "n": 198,
      "mean": 36.43686868705683,
      "max": 161.59999999403954
    },
    "api.goal.fetch": {
      "p50": 23.899999998509884,
      "p95": 23.899999998509884,
      "p99": 23.899999998509884,
      "n": 3,
      "mean": 24.099999999006588,
      "max": 33.29999999701977
    },
    "api.goal.gates.fetch": {
      "p50": 14.700000002980232,
      "p95": 23.899999998509884,
      "p99": 23.899999998509884,
      "n": 9,
      "mean": 15.766666668156782,
      "max": 33.30000000447035
    },
    "api.goal.agents.fetch": {
      "p50": 4.399999998509884,
      "p95": 33.5,
      "p99": 33.5,
      "n": 8,
      "mean": 16.59999999869615,
      "max": 43.900000005960464
    },
    "rapidnav.stall.ms": {
      "p50": 3.5,
      "p95": 32.099999994039536,
      "p99": 37.29999999701977,
      "n": 24,
      "mean": 10.279166666790843,
      "max": 75.89999999850988
    },
    "nav.click": {
      "p50": 2.600000001490116,
      "p95": 4.399999998509884,
      "p99": 4.699999995529652,
      "n": 62,
      "mean": 2.7274193547425734,
      "max": 6.100000001490116
    },
    "reducer.rehydrate": {
      "p50": 0.3999999985098839,
      "p95": 0.6000000014901161,
      "p99": 0.6000000014901161,
      "n": 46,
      "mean": 0.49565217384825583,
      "max": 3.399999998509884
    }
  },
  "progressionStep": 0,
  "progressionLabel": "baseline",
  "progressionFlags": "-deferOffscreenRender",
  "progressionShippedSince": []
}