{
  "commit": "d9750cabb940dce595dfc8afce16336301c0bc4e",
  "parentCommit": "2868463d71cb9ca28b3ef0e6ae4e4663d7d26bff",
  "branch": "goal-goal-profile-si-320532b0-coder-69f4ad15",
  "timestamp": "2026-05-14T09:28:47.576Z",
  "seededSessions": 32,
  "fixtureSize": "large",
  "msgsPerSession": 200,
  "perfFlags": null,
  "tag": "progression-step1-opt-a-1",
  "kind": "progression",
  "spans": {
    "nav.goal.cold": {
      "p50": 1739.6999999955297,
      "p95": 1739.6999999955297,
      "p99": 1739.6999999955297,
      "n": 1,
      "mean": 1739.6999999955297,
      "max": 1739.6999999955297
    },
    "nav.session.cold": {
      "p50": 374.19999999552965,
      "p95": 374.19999999552965,
      "p99": 374.19999999552965,
      "n": 1,
      "mean": 374.19999999552965,
      "max": 374.19999999552965
    },
    "rapidnav.keystroke.uncached": {
      "p50": 141.70000000298023,
      "p95": 166.5,
      "p99": 166.5,
      "n": 20,
      "mean": 134.66500000059605,
      "max": 179.5
    },
    "rapidnav.keystroke.cached": {
      "p50": 133.5,
      "p95": 181.60000000149012,
      "p99": 181.60000000149012,
      "n": 20,
      "mean": 135.49499999992548,
      "max": 189.29999999701977
    },
    "nav.session.ready": {
      "p50": 132.79999999701977,
      "p95": 179.5,
      "p99": 189.29999999701977,
      "n": 60,
      "mean": 122.78166666676601,
      "max": 227.5
    },
    "rapidnav.gap": {
      "p50": 54.80000000447035,
      "p95": 86.20000000298023,
      "p99": 86.20000000298023,
      "n": 17,
      "mean": 55.43529411755941,
      "max": 91.69999999552965
    },
    "api.session.fetch": {
      "p50": 49.69999999552965,
      "p95": 297.8999999985099,
      "p99": 304.3999999985099,
      "n": 130,
      "mean": 90.72999999970197,
      "max": 308.19999999552965
    },
    "ws.attach": {
      "p50": 45.5,
      "p95": 56.69999999552965,
      "p99": 63.5,
      "n": 51,
      "mean": 43.67647058735876,
      "max": 68.39999999850988
    },
    "nav.goal.ready": {
      "p50": 34.399999998509884,
      "p95": 34.399999998509884,
      "p99": 34.399999998509884,
      "n": 2,
      "mean": 64.5,
      "max": 94.60000000149012
    },
    "paint.first": {
      "p50": 22.899999998509884,
      "p95": 57.399999998509884,
      "p99": 73.69999999552965,
      "n": 199,
      "mean": 28.69698492441345,
      "max": 93.60000000149012
    },
    "api.goal.fetch": {
      "p50": 18.80000000447035,
      "p95": 18.80000000447035,
      "p99": 18.80000000447035,
      "n": 3,
      "mean": 31.700000000496704,
      "max": 64.69999999552965
    },
    "api.goal.gates.fetch": {
      "p50": 17.600000001490116,
      "p95": 24.80000000447035,
      "p99": 24.80000000447035,
      "n": 9,
      "mean": 19.75555555605226,
      "max": 65.39999999850988
    },
    "rapidnav.stall.ms": {
      "p50": 4.799999997019768,
      "p95": 59.69999999552965,
      "p99": 59.69999999552965,
      "n": 19,
      "mean": 17.552631577378826,
      "max": 73.69999999552965
    },
    "api.goal.agents.fetch": {
      "p50": 4.600000001490116,
      "p95": 18.899999998509884,
      "p99": 18.899999998509884,
      "n": 8,
      "mean": 15.850000000558794,
      "max": 65.39999999850988
    },
    "nav.click": {
      "p50": 1.6999999955296516,
      "p95": 2.399999998509884,
      "p99": 2.4000000059604645,
      "n": 62,
      "mean": 1.6870967748184358,
      "max": 2.600000001490116
    },
    "reducer.rehydrate": {
      "p50": 0.3999999985098839,
      "p95": 0.6999999955296516,
      "p99": 1,
      "n": 48,
      "mean": 0.45833333348855376,
      "max": 2
    }
  },
  "progressionStep": 1,
  "progressionLabel": "+Opt-A",
  "progressionFlags": "",
  "progressionShippedSince": [
    "opt-a"
  ]
}