{
  "commit": "d9750cabb940dce595dfc8afce16336301c0bc4e",
  "parentCommit": "2868463d71cb9ca28b3ef0e6ae4e4663d7d26bff",
  "branch": "goal-goal-profile-si-320532b0-coder-69f4ad15",
  "timestamp": "2026-05-14T09:20:38.365Z",
  "seededSessions": 32,
  "fixtureSize": "large",
  "msgsPerSession": 200,
  "perfFlags": "-deferOffscreenRender",
  "tag": "progression-step0-baseline-1",
  "kind": "progression",
  "spans": {
    "nav.goal.cold": {
      "p50": 1793.6000000014901,
      "p95": 1793.6000000014901,
      "p99": 1793.6000000014901,
      "n": 1,
      "mean": 1793.6000000014901,
      "max": 1793.6000000014901
    },
    "api.goal.gates.fetch": {
      "p50": 397.1000000014901,
      "p95": 414.80000000447035,
      "p99": 415,
      "n": 28,
      "mean": 296.335714285395,
      "max": 415.5
    },
    "nav.session.cold": {
      "p50": 337.8999999985099,
      "p95": 337.8999999985099,
      "p99": 337.8999999985099,
      "n": 1,
      "mean": 337.8999999985099,
      "max": 337.8999999985099
    },
    "rapidnav.keystroke.uncached": {
      "p50": 155.59999999403954,
      "p95": 252.29999999701977,
      "p99": 252.29999999701977,
      "n": 20,
      "mean": 171.4799999985844,
      "max": 253.5
    },
    "nav.session.ready": {
      "p50": 132.30000000447035,
      "p95": 248.29999999701977,
      "p99": 252.29999999701977,
      "n": 60,
      "mean": 149.9366666663438,
      "max": 253.5
    },
    "rapidnav.keystroke.cached": {
      "p50": 131,
      "p95": 231.10000000149012,
      "p99": 231.10000000149012,
      "n": 20,
      "mean": 153.99000000096856,
      "max": 239
    },
    "rapidnav.gap": {
      "p50": 89.80000000447035,
      "p95": 111.69999999552965,
      "p99": 111.69999999552965,
      "n": 11,
      "mean": 72.48181818154725,
      "max": 139.89999999850988
    },
    "api.session.fetch": {
      "p50": 51.80000000447035,
      "p95": 132.5,
      "p99": 143.89999999850988,
      "n": 130,
      "mean": 67.93923076918492,
      "max": 150.79999999701977
    },
    "ws.attach": {
      "p50": 49.19999999552965,
      "p95": 65.5,
      "p99": 73.59999999403954,
      "n": 51,
      "mean": 46.46862745080509,
      "max": 80.5
    },
    "paint.first": {
      "p50": 26.299999997019768,
      "p95": 102.19999999552965,
      "p99": 122.30000000447035,
      "n": 191,
      "mean": 36.28586387435335,
      "max": 144.60000000149012
    },
    "nav.goal.ready": {
      "p50": 23.900000005960464,
      "p95": 23.900000005960464,
      "p99": 23.900000005960464,
      "n": 2,
      "mean": 60.650000002235174,
      "max": 97.39999999850988
    },
    "api.goal.fetch": {
      "p50": 22.100000001490116,
      "p95": 22.100000001490116,
      "p99": 22.100000001490116,
      "n": 3,
      "mean": 33.20000000298023,
      "max": 59.20000000298023
    },
    "api.goal.agents.fetch": {
      "p50": 5.700000002980232,
      "p95": 58.79999999701977,
      "p99": 58.79999999701977,
      "n": 8,
      "mean": 23.074999999254942,
      "max": 71.10000000149012
    },
    "rapidnav.stall.ms": {
      "p50": 3.100000001490116,
      "p95": 78.09999999403954,
      "p99": 94.79999999701977,
      "n": 25,
      "mean": 16.691999999880792,
      "max": 96.5
    },
    "nav.click": {
      "p50": 2.3000000044703484,
      "p95": 3.100000001490116,
      "p99": 3.3000000044703484,
      "n": 62,
      "mean": 2.2516129033700114,
      "max": 3.3000000044703484
    },
    "reducer.rehydrate": {
      "p50": 0.3999999985098839,
      "p95": 0.6000000014901161,
      "p99": 0.8000000044703484,
      "n": 50,
      "mean": 0.4299999998509884,
      "max": 0.8999999985098839
    }
  },
  "progressionStep": 0,
  "progressionLabel": "baseline",
  "progressionFlags": "-deferOffscreenRender",
  "progressionShippedSince": []
}