{
  "commit": "d9750cabb940dce595dfc8afce16336301c0bc4e",
  "parentCommit": "2868463d71cb9ca28b3ef0e6ae4e4663d7d26bff",
  "branch": "goal-goal-profile-si-320532b0-coder-69f4ad15",
  "timestamp": "2026-05-14T09:24:01.932Z",
  "seededSessions": 32,
  "fixtureSize": "large",
  "msgsPerSession": 200,
  "perfFlags": "-deferOffscreenRender",
  "tag": "progression-step0-baseline-3",
  "kind": "progression",
  "spans": {
    "nav.goal.cold": {
      "p50": 1776.3000000044703,
      "p95": 1776.3000000044703,
      "p99": 1776.3000000044703,
      "n": 1,
      "mean": 1776.3000000044703,
      "max": 1776.3000000044703
    },
    "api.goal.gates.fetch": {
      "p50": 386.09999999403954,
      "p95": 406.1000000014901,
      "p99": 406.59999999403954,
      "n": 23,
      "mean": 245.4391304354953,
      "max": 406.8999999985099
    },
    "nav.session.cold": {
      "p50": 354.69999999552965,
      "p95": 354.69999999552965,
      "p99": 354.69999999552965,
      "n": 1,
      "mean": 354.69999999552965,
      "max": 354.69999999552965
    },
    "rapidnav.keystroke.uncached": {
      "p50": 172.90000000596046,
      "p95": 240.70000000298023,
      "p99": 240.70000000298023,
      "n": 20,
      "mean": 168.62999999932944,
      "max": 242.09999999403954
    },
    "nav.session.ready": {
      "p50": 155.5,
      "p95": 233.80000000447035,
      "p99": 242.09999999403954,
      "n": 60,
      "mean": 149.21166666671633,
      "max": 248.80000000447035
    },
    "rapidnav.keystroke.cached": {
      "p50": 155.5,
      "p95": 203.60000000149012,
      "p99": 203.60000000149012,
      "n": 20,
      "mean": 145.9699999999255,
      "max": 232.5
    },
    "api.session.fetch": {
      "p50": 55.30000000447035,
      "p95": 260.20000000298023,
      "p99": 306.8999999985099,
      "n": 130,
      "mean": 83.36923076946002,
      "max": 309
    },
    "ws.attach": {
      "p50": 51.399999998509884,
      "p95": 63.5,
      "p99": 70,
      "n": 51,
      "mean": 49.845098039098815,
      "max": 75.09999999403954
    },
    "api.goal.fetch": {
      "p50": 29.799999997019768,
      "p95": 29.799999997019768,
      "p99": 29.799999997019768,
      "n": 3,
      "mean": 25.766666665673256,
      "max": 31.700000002980232
    },
    "nav.goal.ready": {
      "p50": 28.69999999552965,
      "p95": 28.69999999552965,
      "p99": 28.69999999552965,
      "n": 2,
      "mean": 66.39999999850988,
      "max": 104.10000000149012
    },
    "paint.first": {
      "p50": 25.600000001490116,
      "p95": 111.10000000149012,
      "p99": 130.60000000149012,
      "n": 197,
      "mean": 36.41675126892964,
      "max": 133.60000000149012
    },
    "rapidnav.gap": {
      "p50": 20.599999994039536,
      "p95": 108.60000000149012,
      "p99": 108.60000000149012,
      "n": 13,
      "mean": 48.86153846234083,
      "max": 114.5
    },
    "api.goal.agents.fetch": {
      "p50": 14.799999997019768,
      "p95": 29.899999998509884,
      "p99": 29.899999998509884,
      "n": 8,
      "mean": 17.774999998509884,
      "max": 34.69999999552965
    },
    "rapidnav.stall.ms": {
      "p50": 4.100000001490116,
      "p95": 10.100000001490116,
      "p99": 25.80000000447035,
      "n": 23,
      "mean": 9.378260869370854,
      "max": 102.39999999850988
    },
    "nav.click": {
      "p50": 2.600000001490116,
      "p95": 3.9000000059604645,
      "p99": 4.399999998509884,
      "n": 62,
      "mean": 2.5209677421277568,
      "max": 4.600000001490116
    },
    "reducer.rehydrate": {
      "p50": 0.3999999985098839,
      "p95": 0.7000000029802322,
      "p99": 0.8999999985098839,
      "n": 43,
      "mean": 0.479069767303245,
      "max": 1.6000000014901161
    }
  },
  "progressionStep": 0,
  "progressionLabel": "baseline",
  "progressionFlags": "-deferOffscreenRender",
  "progressionShippedSince": []
}