{
  "commit": "ea634d62dc3ba8ec8aa74a1c88b33e0f5abeee48",
  "parentCommit": "e9079a59ed659bd4e9699f5efecc47e033d37798",
  "branch": "goal-goal-profile-si-320532b0-coder-f49e71c0",
  "timestamp": "2026-05-14T09:57:56.831Z",
  "seededSessions": 32,
  "fixtureSize": "large",
  "msgsPerSession": 200,
  "perfFlags": "deferSyntaxHighlight",
  "tag": "opt-g-on-4",
  "kind": "experiment",
  "spans": {
    "nav.goal.cold": {
      "p50": 1765.7000000029802,
      "p95": 1765.7000000029802,
      "p99": 1765.7000000029802,
      "n": 1,
      "mean": 1765.7000000029802,
      "max": 1765.7000000029802
    },
    "nav.session.cold": {
      "p50": 331.5,
      "p95": 331.5,
      "p99": 331.5,
      "n": 1,
      "mean": 331.5,
      "max": 331.5
    },
    "api.goal.gates.fetch": {
      "p50": 280,
      "p95": 293.8999999985099,
      "p99": 294.1000000014901,
      "n": 30,
      "mean": 213.53333333407838,
      "max": 294.40000000596046
    },
    "rapidnav.keystroke.uncached": {
      "p50": 138.39999999850988,
      "p95": 175.20000000298023,
      "p99": 175.20000000298023,
      "n": 20,
      "mean": 130.67500000037253,
      "max": 193.69999999552965
    },
    "nav.session.ready": {
      "p50": 115.69999999552965,
      "p95": 169.5,
      "p99": 175.20000000298023,
      "n": 60,
      "mean": 116.50166666656733,
      "max": 193.69999999552965
    },
    "rapidnav.keystroke.cached": {
      "p50": 112,
      "p95": 154.19999999552965,
      "p99": 154.19999999552965,
      "n": 20,
      "mean": 115.92999999932945,
      "max": 167.89999999850988
    },
    "api.session.fetch": {
      "p50": 65.60000000149012,
      "p95": 231,
      "p99": 235.70000000298023,
      "n": 129,
      "mean": 100.04263565885697,
      "max": 237.89999999850988
    },
    "rapidnav.gap": {
      "p50": 63.30000000447035,
      "p95": 100.89999999850988,
      "p99": 100.89999999850988,
      "n": 18,
      "mean": 62.36666666716337,
      "max": 121.89999999850988
    },
    "ws.attach": {
      "p50": 41.80000000447035,
      "p95": 56.80000000447035,
      "p99": 62.5,
      "n": 51,
      "mean": 41.21568627480198,
      "max": 70.20000000298023
    },
    "nav.goal.ready": {
      "p50": 32.29999999701977,
      "p95": 32.29999999701977,
      "p99": 32.29999999701977,
      "n": 2,
      "mean": 66.5,
      "max": 100.70000000298023
    },
    "paint.first": {
      "p50": 21.200000002980232,
      "p95": 57.79999999701977,
      "p99": 66,
      "n": 206,
      "mean": 27.50242718464686,
      "max": 84.79999999701977
    },
    "api.goal.fetch": {
      "p50": 19.5,
      "p95": 19.5,
      "p99": 19.5,
      "n": 3,
      "mean": 19.200000000496704,
      "max": 20.5
    },
    "api.goal.agents.fetch": {
      "p50": 5.5999999940395355,
      "p95": 19.5,
      "p99": 19.5,
      "n": 8,
      "mean": 11.412499999627471,
      "max": 20.200000002980232
    },
    "rapidnav.stall.ms": {
      "p50": 3.0999999940395355,
      "p95": 55.79999999701977,
      "p99": 55.79999999701977,
      "n": 18,
      "mean": 14.688888889220026,
      "max": 58.70000000298023
    },
    "nav.click": {
      "p50": 1.6000000014901161,
      "p95": 2.399999998509884,
      "p99": 2.7000000029802322,
      "n": 62,
      "mean": 1.6838709669968774,
      "max": 2.7000000029802322
    },
    "reducer.rehydrate": {
      "p50": 0.3999999985098839,
      "p95": 0.6999999955296516,
      "p99": 0.8000000044703484,
      "n": 50,
      "mean": 0.41800000056624415,
      "max": 1.2999999970197678
    }
  }
}