{
  "commit": "ea634d62dc3ba8ec8aa74a1c88b33e0f5abeee48",
  "parentCommit": "e9079a59ed659bd4e9699f5efecc47e033d37798",
  "branch": "goal-goal-profile-si-320532b0-coder-f49e71c0",
  "timestamp": "2026-05-14T09:45:50.463Z",
  "seededSessions": 32,
  "fixtureSize": "large",
  "msgsPerSession": 200,
  "perfFlags": null,
  "tag": "opt-g-off-1",
  "kind": "experiment",
  "spans": {
    "nav.goal.cold": {
      "p50": 1732.5,
      "p95": 1732.5,
      "p99": 1732.5,
      "n": 1,
      "mean": 1732.5,
      "max": 1732.5
    },
    "nav.session.cold": {
      "p50": 288.30000000447035,
      "p95": 288.30000000447035,
      "p99": 288.30000000447035,
      "n": 1,
      "mean": 288.30000000447035,
      "max": 288.30000000447035
    },
    "rapidnav.keystroke.uncached": {
      "p50": 136.29999999701977,
      "p95": 191.60000000149012,
      "p99": 191.60000000149012,
      "n": 20,
      "mean": 139.23499999903143,
      "max": 203.5
    },
    "rapidnav.keystroke.cached": {
      "p50": 135.79999999701977,
      "p95": 169.79999999701977,
      "p99": 169.79999999701977,
      "n": 20,
      "mean": 132.65000000074505,
      "max": 170.60000000149012
    },
    "nav.session.ready": {
      "p50": 125.79999999701977,
      "p95": 176.40000000596046,
      "p99": 191.60000000149012,
      "n": 60,
      "mean": 117.26833333335817,
      "max": 203.5
    },
    "api.session.fetch": {
      "p50": 56.20000000298023,
      "p95": 180.10000000149012,
      "p99": 184.5,
      "n": 130,
      "mean": 81.1200000001834,
      "max": 187
    },
    "rapidnav.gap": {
      "p50": 45.5,
      "p95": 96.30000000447035,
      "p99": 96.30000000447035,
      "n": 18,
      "mean": 54.13888888806105,
      "max": 96.79999999701977
    },
    "ws.attach": {
      "p50": 44.900000005960464,
      "p95": 55.099999994039536,
      "p99": 61.80000000447035,
      "n": 51,
      "mean": 40.19019607805154,
      "max": 66.89999999850988
    },
    "nav.goal.ready": {
      "p50": 30.100000001490116,
      "p95": 30.100000001490116,
      "p99": 30.100000001490116,
      "n": 2,
      "mean": 61.5,
      "max": 92.89999999850988
    },
    "paint.first": {
      "p50": 23.299999997019768,
      "p95": 53.70000000298023,
      "p99": 72.20000000298023,
      "n": 196,
      "mean": 28.131632652969994,
      "max": 82
    },
    "api.goal.gates.fetch": {
      "p50": 22.399999998509884,
      "p95": 32.30000000447035,
      "p99": 32.30000000447035,
      "n": 9,
      "mean": 19.466666666997803,
      "max": 34.70000000298023
    },
    "api.goal.fetch": {
      "p50": 15.200000002980232,
      "p95": 15.200000002980232,
      "p99": 15.200000002980232,
      "n": 3,
      "mean": 20.46666666616996,
      "max": 33.69999999552965
    },
    "api.goal.agents.fetch": {
      "p50": 5,
      "p95": 15.399999998509884,
      "p99": 15.399999998509884,
      "n": 8,
      "mean": 10.162499999627471,
      "max": 31.600000001490116
    },
    "rapidnav.stall.ms": {
      "p50": 3.7999999970197678,
      "p95": 61.79999999701977,
      "p99": 61.79999999701977,
      "n": 18,
      "mean": 14.638888887233204,
      "max": 73.59999999403954
    },
    "nav.click": {
      "p50": 1.6000000014901161,
      "p95": 2.100000001490116,
      "p99": 2.2999999970197678,
      "n": 62,
      "mean": 1.5935483876495593,
      "max": 2.3000000044703484
    },
    "reducer.rehydrate": {
      "p50": 0.3999999985098839,
      "p95": 0.6000000014901161,
      "p99": 0.8000000044703484,
      "n": 49,
      "mean": 0.4081632654581751,
      "max": 1.6999999955296516
    }
  }
}