{
  "commit": "ea634d62dc3ba8ec8aa74a1c88b33e0f5abeee48",
  "parentCommit": "e9079a59ed659bd4e9699f5efecc47e033d37798",
  "branch": "goal-goal-profile-si-320532b0-coder-f49e71c0",
  "timestamp": "2026-05-14T09:47:19.162Z",
  "seededSessions": 32,
  "fixtureSize": "large",
  "msgsPerSession": 200,
  "perfFlags": null,
  "tag": "opt-g-off-2",
  "kind": "experiment",
  "spans": {
    "nav.goal.cold": {
      "p50": 1738.2000000029802,
      "p95": 1738.2000000029802,
      "p99": 1738.2000000029802,
      "n": 1,
      "mean": 1738.2000000029802,
      "max": 1738.2000000029802
    },
    "nav.session.cold": {
      "p50": 332.5,
      "p95": 332.5,
      "p99": 332.5,
      "n": 1,
      "mean": 332.5,
      "max": 332.5
    },
    "rapidnav.keystroke.uncached": {
      "p50": 134.10000000149012,
      "p95": 163.5,
      "p99": 163.5,
      "n": 20,
      "mean": 134.19999999962747,
      "max": 176.5
    },
    "rapidnav.keystroke.cached": {
      "p50": 132.60000000149012,
      "p95": 170.69999999552965,
      "p99": 170.69999999552965,
      "n": 20,
      "mean": 132.21000000089407,
      "max": 183.30000000447035
    },
    "nav.session.ready": {
      "p50": 127,
      "p95": 170.69999999552965,
      "p99": 183.30000000447035,
      "n": 60,
      "mean": 119.10500000007451,
      "max": 193.5
    },
    "rapidnav.gap": {
      "p50": 62.100000001490116,
      "p95": 85.39999999850988,
      "p99": 85.39999999850988,
      "n": 18,
      "mean": 64.7555555548105,
      "max": 96.10000000149012
    },
    "api.session.fetch": {
      "p50": 49.80000000447035,
      "p95": 366.80000000447035,
      "p99": 410.5,
      "n": 130,
      "mean": 83.09384615369714,
      "max": 413.5
    },
    "ws.attach": {
      "p50": 46.399999998509884,
      "p95": 58,
      "p99": 74.29999999701977,
      "n": 51,
      "mean": 43.3745098038047,
      "max": 77.29999999701977
    },
    "nav.goal.ready": {
      "p50": 31.100000001490116,
      "p95": 31.100000001490116,
      "p99": 31.100000001490116,
      "n": 2,
      "mean": 55.25,
      "max": 79.39999999850988
    },
    "paint.first": {
      "p50": 22.5,
      "p95": 54.69999999552965,
      "p99": 70.89999999850988,
      "n": 197,
      "mean": 28.10304568518842,
      "max": 85.70000000298023
    },
    "api.goal.fetch": {
      "p50": 20.100000001490116,
      "p95": 20.100000001490116,
      "p99": 20.100000001490116,
      "n": 3,
      "mean": 19.766666668156784,
      "max": 24.100000001490116
    },
    "api.goal.gates.fetch": {
      "p50": 14.600000001490116,
      "p95": 19.799999997019768,
      "p99": 19.799999997019768,
      "n": 9,
      "mean": 13.333333333333334,
      "max": 24
    },
    "rapidnav.stall.ms": {
      "p50": 6.600000001490116,
      "p95": 71.80000000447035,
      "p99": 71.80000000447035,
      "n": 18,
      "mean": 21.833333334989018,
      "max": 76.39999999850988
    },
    "api.goal.agents.fetch": {
      "p50": 4.200000002980232,
      "p95": 20.100000001490116,
      "p99": 20.100000001490116,
      "n": 8,
      "mean": 9.900000002235174,
      "max": 24.19999999552965
    },
    "nav.click": {
      "p50": 1.5999999940395355,
      "p95": 2.1999999955296516,
      "p99": 2.5,
      "n": 62,
      "mean": 1.6322580645641973,
      "max": 2.7999999970197678
    },
    "reducer.rehydrate": {
      "p50": 0.3999999985098839,
      "p95": 0.6000000014901161,
      "p99": 0.6000000014901161,
      "n": 43,
      "mean": 0.40465116292931314,
      "max": 0.6000000014901161
    }
  }
}