{
  "commit": "ea634d62dc3ba8ec8aa74a1c88b33e0f5abeee48",
  "parentCommit": "e9079a59ed659bd4e9699f5efecc47e033d37798",
  "branch": "goal-goal-profile-si-320532b0-coder-f49e71c0",
  "timestamp": "2026-05-14T09:53:29.985Z",
  "seededSessions": 32,
  "fixtureSize": "large",
  "msgsPerSession": 200,
  "perfFlags": "deferSyntaxHighlight",
  "tag": "opt-g-on-1",
  "kind": "experiment",
  "spans": {
    "nav.goal.cold": {
      "p50": 1750.6000000014901,
      "p95": 1750.6000000014901,
      "p99": 1750.6000000014901,
      "n": 1,
      "mean": 1750.6000000014901,
      "max": 1750.6000000014901
    },
    "nav.session.cold": {
      "p50": 321.8999999985099,
      "p95": 321.8999999985099,
      "p99": 321.8999999985099,
      "n": 1,
      "mean": 321.8999999985099,
      "max": 321.8999999985099
    },
    "rapidnav.keystroke.cached": {
      "p50": 133.5,
      "p95": 181.60000000149012,
      "p99": 181.60000000149012,
      "n": 20,
      "mean": 135.275,
      "max": 185.69999999552965
    },
    "nav.session.ready": {
      "p50": 124.59999999403954,
      "p95": 170.40000000596046,
      "p99": 185.69999999552965,
      "n": 60,
      "mean": 115.9616666663438,
      "max": 222.20000000298023
    },
    "rapidnav.keystroke.uncached": {
      "p50": 120.29999999701977,
      "p95": 156.60000000149012,
      "p99": 156.60000000149012,
      "n": 20,
      "mean": 117.33499999903142,
      "max": 163.30000000447035
    },
    "rapidnav.gap": {
      "p50": 60.70000000298023,
      "p95": 93.60000000149012,
      "p99": 93.60000000149012,
      "n": 18,
      "mean": 65.6833333339956,
      "max": 107.89999999850988
    },
    "ws.attach": {
      "p50": 46.399999998509884,
      "p95": 184.39999999850988,
      "p99": 274.29999999701977,
      "n": 51,
      "mean": 60.30588235253212,
      "max": 347.8999999985099
    },
    "api.session.fetch": {
      "p50": 37,
      "p95": 207.89999999850988,
      "p99": 211.20000000298023,
      "n": 129,
      "mean": 63.08217054282048,
      "max": 213.29999999701977
    },
    "paint.first": {
      "p50": 22.899999998509884,
      "p95": 55.29999999701977,
      "p99": 64.5,
      "n": 195,
      "mean": 27.784615384577176,
      "max": 94
    },
    "api.goal.fetch": {
      "p50": 21.299999997019768,
      "p95": 21.299999997019768,
      "p99": 21.299999997019768,
      "n": 3,
      "mean": 18.06666666517655,
      "max": 23.5
    },
    "api.goal.gates.fetch": {
      "p50": 20.299999997019768,
      "p95": 350.69999999552965,
      "p99": 350.70000000298023,
      "n": 26,
      "mean": 111.53076923008149,
      "max": 351.8999999985099
    },
    "nav.goal.ready": {
      "p50": 19.399999998509884,
      "p95": 19.399999998509884,
      "p99": 19.399999998509884,
      "n": 2,
      "mean": 50.04999999701977,
      "max": 80.69999999552965
    },
    "api.goal.agents.fetch": {
      "p50": 9.399999998509884,
      "p95": 20.69999999552965,
      "p99": 20.69999999552965,
      "n": 8,
      "mean": 11.86249999795109,
      "max": 23.600000001490116
    },
    "rapidnav.stall.ms": {
      "p50": 4.299999997019768,
      "p95": 52,
      "p99": 52,
      "n": 18,
      "mean": 12.538888887812695,
      "max": 61
    },
    "nav.click": {
      "p50": 1.6000000014901161,
      "p95": 2.600000001490116,
      "p99": 2.899999998509884,
      "n": 62,
      "mean": 1.6338709680543793,
      "max": 3.5
    },
    "reducer.rehydrate": {
      "p50": 0.3999999985098839,
      "p95": 0.7000000029802322,
      "p99": 0.7000000029802322,
      "n": 42,
      "mean": 0.41666666684406145,
      "max": 0.8000000044703484
    }
  }
}