{
  "commit": "ea634d62dc3ba8ec8aa74a1c88b33e0f5abeee48",
  "parentCommit": "e9079a59ed659bd4e9699f5efecc47e033d37798",
  "branch": "goal-goal-profile-si-320532b0-coder-f49e71c0",
  "timestamp": "2026-05-14T09:51:52.686Z",
  "seededSessions": 32,
  "fixtureSize": "large",
  "msgsPerSession": 200,
  "perfFlags": null,
  "tag": "opt-g-off-5",
  "kind": "experiment",
  "spans": {
    "nav.goal.cold": {
      "p50": 1853.0999999940395,
      "p95": 1853.0999999940395,
      "p99": 1853.0999999940395,
      "n": 1,
      "mean": 1853.0999999940395,
      "max": 1853.0999999940395
    },
    "nav.session.cold": {
      "p50": 257.3999999985099,
      "p95": 257.3999999985099,
      "p99": 257.3999999985099,
      "n": 1,
      "mean": 257.3999999985099,
      "max": 257.3999999985099
    },
    "rapidnav.keystroke.uncached": {
      "p50": 160,
      "p95": 211.5,
      "p99": 211.5,
      "n": 20,
      "mean": 161.22500000037252,
      "max": 232
    },
    "nav.session.ready": {
      "p50": 133.70000000298023,
      "p95": 196.29999999701977,
      "p99": 211.5,
      "n": 60,
      "mean": 128.73666666696468,
      "max": 232
    },
    "rapidnav.keystroke.cached": {
      "p50": 112.79999999701977,
      "p95": 152.60000000149012,
      "p99": 152.60000000149012,
      "n": 20,
      "mean": 117.33500000052155,
      "max": 188.60000000149012
    },
    "api.session.fetch": {
      "p50": 46.400000005960464,
      "p95": 71.90000000596046,
      "p99": 83.10000000149012,
      "n": 130,
      "mean": 48.39846153861055,
      "max": 84.19999999552965
    },
    "ws.attach": {
      "p50": 46.399999998509884,
      "p95": 69,
      "p99": 106.19999999552965,
      "n": 51,
      "mean": 47.0372549014933,
      "max": 136.79999999701977
    },
    "nav.goal.ready": {
      "p50": 45.19999999552965,
      "p95": 45.19999999552965,
      "p99": 45.19999999552965,
      "n": 2,
      "mean": 81.49999999627471,
      "max": 117.79999999701977
    },
    "api.goal.fetch": {
      "p50": 36.900000005960464,
      "p95": 36.900000005960464,
      "p99": 36.900000005960464,
      "n": 3,
      "mean": 39.23333333681027,
      "max": 54.100000001490116
    },
    "rapidnav.gap": {
      "p50": 36.600000001490116,
      "p95": 88.29999999701977,
      "p99": 88.29999999701977,
      "n": 18,
      "mean": 50.84444444419609,
      "max": 88.80000000447035
    },
    "api.goal.gates.fetch": {
      "p50": 36.20000000298023,
      "p95": 61,
      "p99": 61,
      "n": 9,
      "mean": 39.977777779102325,
      "max": 84.10000000149012
    },
    "paint.first": {
      "p50": 23.299999997019768,
      "p95": 63.20000000298023,
      "p99": 72.20000000298023,
      "n": 197,
      "mean": 30.027411167316025,
      "max": 79.39999999850988
    },
    "api.goal.agents.fetch": {
      "p50": 13.699999995529652,
      "p95": 37.100000001490116,
      "p99": 37.100000001490116,
      "n": 8,
      "mean": 19.887500001117587,
      "max": 53
    },
    "rapidnav.stall.ms": {
      "p50": 3.6999999955296516,
      "p95": 54.79999999701977,
      "p99": 54.79999999701977,
      "n": 18,
      "mean": 11.522222222139439,
      "max": 59.399999998509884
    },
    "nav.click": {
      "p50": 1.6999999955296516,
      "p95": 3,
      "p99": 3.2000000029802322,
      "n": 62,
      "mean": 1.8048387096533853,
      "max": 4.300000004470348
    },
    "reducer.rehydrate": {
      "p50": 0.3999999985098839,
      "p95": 0.6000000014901161,
      "p99": 0.7000000029802322,
      "n": 48,
      "mean": 0.4124999999379118,
      "max": 0.7999999970197678
    }
  }
}