{
  "commit": "ea634d62dc3ba8ec8aa74a1c88b33e0f5abeee48",
  "parentCommit": "e9079a59ed659bd4e9699f5efecc47e033d37798",
  "branch": "goal-goal-profile-si-320532b0-coder-f49e71c0",
  "timestamp": "2026-05-14T09:56:28.291Z",
  "seededSessions": 32,
  "fixtureSize": "large",
  "msgsPerSession": 200,
  "perfFlags": "deferSyntaxHighlight",
  "tag": "opt-g-on-3",
  "kind": "experiment",
  "spans": {
    "nav.goal.cold": {
      "p50": 1725.6000000014901,
      "p95": 1725.6000000014901,
      "p99": 1725.6000000014901,
      "n": 1,
      "mean": 1725.6000000014901,
      "max": 1725.6000000014901
    },
    "nav.session.cold": {
      "p50": 263.90000000596046,
      "p95": 263.90000000596046,
      "p99": 263.90000000596046,
      "n": 1,
      "mean": 263.90000000596046,
      "max": 263.90000000596046
    },
    "rapidnav.keystroke.uncached": {
      "p50": 121.89999999850988,
      "p95": 152.39999999850988,
      "p99": 152.39999999850988,
      "n": 20,
      "mean": 117.18499999977648,
      "max": 164.5
    },
    "rapidnav.keystroke.cached": {
      "p50": 112.20000000298023,
      "p95": 149.79999999701977,
      "p99": 149.79999999701977,
      "n": 20,
      "mean": 117.11500000059604,
      "max": 155.79999999701977
    },
    "nav.session.ready": {
      "p50": 109.10000000149012,
      "p95": 152.39999999850988,
      "p99": 158.10000000149012,
      "n": 60,
      "mean": 105.39500000029803,
      "max": 164.5
    },
    "rapidnav.gap": {
      "p50": 67.19999999552965,
      "p95": 87.10000000149012,
      "p99": 87.10000000149012,
      "n": 19,
      "mean": 66.81578947407634,
      "max": 90.59999999403954
    },
    "api.session.fetch": {
      "p50": 63.100000001490116,
      "p95": 229.60000000149012,
      "p99": 233.89999999850988,
      "n": 130,
      "mean": 95.70615384647479,
      "max": 236.5
    },
    "ws.attach": {
      "p50": 41.19999999552965,
      "p95": 52.70000000298023,
      "p99": 55.899999998509884,
      "n": 51,
      "mean": 37.61764705823917,
      "max": 66.10000000149012
    },
    "nav.goal.ready": {
      "p50": 32.599999994039536,
      "p95": 32.599999994039536,
      "p99": 32.599999994039536,
      "n": 2,
      "mean": 59.099999997764826,
      "max": 85.60000000149012
    },
    "paint.first": {
      "p50": 21.899999998509884,
      "p95": 52.599999994039536,
      "p99": 82.5,
      "n": 189,
      "mean": 26.55925925947213,
      "max": 96.30000000447035
    },
    "api.goal.gates.fetch": {
      "p50": 17,
      "p95": 29,
      "p99": 29,
      "n": 9,
      "mean": 17.311111110779976,
      "max": 29.399999998509884
    },
    "api.goal.fetch": {
      "p50": 16.69999999552965,
      "p95": 16.69999999552965,
      "p99": 16.69999999552965,
      "n": 3,
      "mean": 20.700000000496704,
      "max": 29.200000002980232
    },
    "api.goal.agents.fetch": {
      "p50": 5.700000002980232,
      "p95": 16.399999998509884,
      "p99": 16.399999998509884,
      "n": 8,
      "mean": 11.262500001117587,
      "max": 29.299999997019768
    },
    "rapidnav.stall.ms": {
      "p50": 4.300000004470348,
      "p95": 54.20000000298023,
      "p99": 54.20000000298023,
      "n": 17,
      "mean": 11.776470587972332,
      "max": 62.899999998509884
    },
    "nav.click": {
      "p50": 1.4000000059604645,
      "p95": 1.8000000044703484,
      "p99": 1.8999999985098839,
      "n": 62,
      "mean": 1.4241935493003937,
      "max": 1.9000000059604645
    },
    "reducer.rehydrate": {
      "p50": 0.3999999985098839,
      "p95": 0.6000000014901161,
      "p99": 0.7000000029802322,
      "n": 47,
      "mean": 0.40000000057068275,
      "max": 0.7000000029802322
    }
  }
}