{
  "commit": "ea634d62dc3ba8ec8aa74a1c88b33e0f5abeee48",
  "parentCommit": "e9079a59ed659bd4e9699f5efecc47e033d37798",
  "branch": "goal-goal-profile-si-320532b0-coder-f49e71c0",
  "timestamp": "2026-05-14T09:48:51.274Z",
  "seededSessions": 32,
  "fixtureSize": "large",
  "msgsPerSession": 200,
  "perfFlags": null,
  "tag": "opt-g-off-3",
  "kind": "experiment",
  "spans": {
    "nav.goal.cold": {
      "p50": 1866,
      "p95": 1866,
      "p99": 1866,
      "n": 1,
      "mean": 1866,
      "max": 1866
    },
    "nav.session.cold": {
      "p50": 355.79999999701977,
      "p95": 355.79999999701977,
      "p99": 355.79999999701977,
      "n": 1,
      "mean": 355.79999999701977,
      "max": 355.79999999701977
    },
    "rapidnav.keystroke.cached": {
      "p50": 150.20000000298023,
      "p95": 192,
      "p99": 192,
      "n": 20,
      "mean": 144.66500000059605,
      "max": 224.5
    },
    "rapidnav.keystroke.uncached": {
      "p50": 147.39999999850988,
      "p95": 187.59999999403954,
      "p99": 187.59999999403954,
      "n": 20,
      "mean": 147.78999999947845,
      "max": 244.70000000298023
    },
    "nav.session.ready": {
      "p50": 144.10000000149012,
      "p95": 192,
      "p99": 224.5,
      "n": 60,
      "mean": 133.956666666766,
      "max": 244.70000000298023
    },
    "rapidnav.gap": {
      "p50": 53,
      "p95": 78.39999999850988,
      "p99": 78.39999999850988,
      "n": 16,
      "mean": 52.90624999953434,
      "max": 79
    },
    "api.session.fetch": {
      "p50": 50.70000000298023,
      "p95": 66.20000000298023,
      "p99": 67.80000000447035,
      "n": 130,
      "mean": 50.670000000928454,
      "max": 68.39999999850988
    },
    "ws.attach": {
      "p50": 50.70000000298023,
      "p95": 71.20000000298023,
      "p99": 78.80000000447035,
      "n": 51,
      "mean": 49.888235294497484,
      "max": 86.5
    },
    "api.goal.gates.fetch": {
      "p50": 32.5,
      "p95": 60.400000005960464,
      "p99": 60.400000005960464,
      "n": 8,
      "mean": 37.200000000186265,
      "max": 74.5
    },
    "nav.goal.ready": {
      "p50": 31.399999998509884,
      "p95": 31.399999998509884,
      "p99": 31.399999998509884,
      "n": 2,
      "mean": 79.29999999701977,
      "max": 127.19999999552965
    },
    "api.goal.fetch": {
      "p50": 30.600000001490116,
      "p95": 30.600000001490116,
      "p99": 30.600000001490116,
      "n": 3,
      "mean": 40.96666666865349,
      "max": 73
    },
    "paint.first": {
      "p50": 26.80000000447035,
      "p95": 60.099999994039536,
      "p99": 72.20000000298023,
      "n": 196,
      "mean": 32.16479591842817,
      "max": 87
    },
    "api.goal.agents.fetch": {
      "p50": 5.799999997019768,
      "p95": 19.30000000447035,
      "p99": 19.30000000447035,
      "n": 8,
      "mean": 13.062500000931323,
      "max": 36.399999998509884
    },
    "rapidnav.stall.ms": {
      "p50": 5.5,
      "p95": 52,
      "p99": 52,
      "n": 20,
      "mean": 11.55,
      "max": 64.20000000298023
    },
    "nav.click": {
      "p50": 1.8000000044703484,
      "p95": 2.3000000044703484,
      "p99": 2.7999999970197678,
      "n": 62,
      "mean": 1.7854838710158103,
      "max": 3.1999999955296516
    },
    "reducer.rehydrate": {
      "p50": 0.3999999985098839,
      "p95": 0.6000000014901161,
      "p99": 0.6000000014901161,
      "n": 45,
      "mean": 0.4488888884584109,
      "max": 1.1000000014901161
    }
  }
}