{
  "commit": "ea634d62dc3ba8ec8aa74a1c88b33e0f5abeee48",
  "parentCommit": "e9079a59ed659bd4e9699f5efecc47e033d37798",
  "branch": "goal-goal-profile-si-320532b0-coder-f49e71c0",
  "timestamp": "2026-05-14T09:50:23.590Z",
  "seededSessions": 32,
  "fixtureSize": "large",
  "msgsPerSession": 200,
  "perfFlags": null,
  "tag": "opt-g-off-4",
  "kind": "experiment",
  "spans": {
    "nav.goal.cold": {
      "p50": 1752.7999999970198,
      "p95": 1752.7999999970198,
      "p99": 1752.7999999970198,
      "n": 1,
      "mean": 1752.7999999970198,
      "max": 1752.7999999970198
    },
    "nav.session.cold": {
      "p50": 369,
      "p95": 369,
      "p99": 369,
      "n": 1,
      "mean": 369,
      "max": 369
    },
    "rapidnav.keystroke.uncached": {
      "p50": 136.60000000149012,
      "p95": 187.39999999850988,
      "p99": 187.39999999850988,
      "n": 20,
      "mean": 131.2700000010431,
      "max": 200.69999999552965
    },
    "rapidnav.keystroke.cached": {
      "p50": 135.39999999850988,
      "p95": 171.39999999850988,
      "p99": 171.39999999850988,
      "n": 20,
      "mean": 128.94500000067055,
      "max": 172
    },
    "nav.session.ready": {
      "p50": 127,
      "p95": 179.60000000149012,
      "p99": 200.69999999552965,
      "n": 60,
      "mean": 119.23666666721304,
      "max": 225.20000000298023
    },
    "api.session.fetch": {
      "p50": 54.600000001490116,
      "p95": 281.80000000447035,
      "p99": 286.70000000298023,
      "n": 130,
      "mean": 79.63692307672821,
      "max": 289.8999999985099
    },
    "ws.attach": {
      "p50": 47,
      "p95": 60.400000005960464,
      "p99": 65.20000000298023,
      "n": 51,
      "mean": 44.6980392155694,
      "max": 73.60000000149012
    },
    "rapidnav.gap": {
      "p50": 47,
      "p95": 79.10000000149012,
      "p99": 79.10000000149012,
      "n": 18,
      "mean": 44.49999999958608,
      "max": 100
    },
    "nav.goal.ready": {
      "p50": 35.79999999701977,
      "p95": 35.79999999701977,
      "p99": 35.79999999701977,
      "n": 2,
      "mean": 62.04999999701977,
      "max": 88.29999999701977
    },
    "api.goal.fetch": {
      "p50": 25.69999999552965,
      "p95": 25.69999999552965,
      "p99": 25.69999999552965,
      "n": 3,
      "mean": 31.966666663686436,
      "max": 48.399999998509884
    },
    "paint.first": {
      "p50": 24.100000001490116,
      "p95": 58.79999999701977,
      "p99": 64.79999999701977,
      "n": 193,
      "mean": 29.249222797857975,
      "max": 95.59999999403954
    },
    "api.goal.gates.fetch": {
      "p50": 7.800000004470348,
      "p95": 25.69999999552965,
      "p99": 25.69999999552965,
      "n": 9,
      "mean": 14.933333333167765,
      "max": 49.100000001490116
    },
    "api.goal.agents.fetch": {
      "p50": 5.300000004470348,
      "p95": 35.70000000298023,
      "p99": 35.70000000298023,
      "n": 8,
      "mean": 18.42500000167638,
      "max": 47
    },
    "rapidnav.stall.ms": {
      "p50": 3.9000000059604645,
      "p95": 15.399999998509884,
      "p99": 15.399999998509884,
      "n": 18,
      "mean": 6.344444444196092,
      "max": 17.799999997019768
    },
    "nav.click": {
      "p50": 1.6999999955296516,
      "p95": 2.100000001490116,
      "p99": 2.2000000029802322,
      "n": 62,
      "mean": 1.5870967744098556,
      "max": 2.2999999970197678
    },
    "reducer.rehydrate": {
      "p50": 0.3999999985098839,
      "p95": 0.6000000014901161,
      "p99": 1.2000000029802322,
      "n": 43,
      "mean": 0.493023255190184,
      "max": 2.600000001490116
    }
  }
}