{
  "commit": "ea634d62dc3ba8ec8aa74a1c88b33e0f5abeee48",
  "parentCommit": "e9079a59ed659bd4e9699f5efecc47e033d37798",
  "branch": "goal-goal-profile-si-320532b0-coder-f49e71c0",
  "timestamp": "2026-05-14T09:54:58.927Z",
  "seededSessions": 32,
  "fixtureSize": "large",
  "msgsPerSession": 200,
  "perfFlags": "deferSyntaxHighlight",
  "tag": "opt-g-on-2",
  "kind": "experiment",
  "spans": {
    "nav.goal.cold": {
      "p50": 1753.1999999955297,
      "p95": 1753.1999999955297,
      "p99": 1753.1999999955297,
      "n": 1,
      "mean": 1753.1999999955297,
      "max": 1753.1999999955297
    },
    "nav.session.cold": {
      "p50": 255.60000000149012,
      "p95": 255.60000000149012,
      "p99": 255.60000000149012,
      "n": 1,
      "mean": 255.60000000149012,
      "max": 255.60000000149012
    },
    "rapidnav.keystroke.uncached": {
      "p50": 154,
      "p95": 211.39999999850988,
      "p99": 211.39999999850988,
      "n": 20,
      "mean": 144.04999999962746,
      "max": 223.39999999850988
    },
    "rapidnav.keystroke.cached": {
      "p50": 126,
      "p95": 176.79999999701977,
      "p99": 176.79999999701977,
      "n": 20,
      "mean": 131.2500000011176,
      "max": 218.39999999850988
    },
    "nav.session.ready": {
      "p50": 116.39999999850988,
      "p95": 188.69999999552965,
      "p99": 218.39999999850988,
      "n": 60,
      "mean": 120.46500000009934,
      "max": 223.39999999850988
    },
    "rapidnav.gap": {
      "p50": 52.79999999701977,
      "p95": 88.89999999850988,
      "p99": 88.89999999850988,
      "n": 17,
      "mean": 50.55294117594467,
      "max": 105
    },
    "ws.attach": {
      "p50": 51,
      "p95": 68.39999999850988,
      "p99": 81.20000000298023,
      "n": 51,
      "mean": 46.77647058826451,
      "max": 89.19999999552965
    },
    "api.session.fetch": {
      "p50": 43,
      "p95": 224.20000000298023,
      "p99": 226.60000000149012,
      "n": 129,
      "mean": 73.96201550359874,
      "max": 228.5
    },
    "nav.goal.ready": {
      "p50": 32.899999998509884,
      "p95": 32.899999998509884,
      "p99": 32.899999998509884,
      "n": 2,
      "mean": 76.04999999701977,
      "max": 119.19999999552965
    },
    "paint.first": {
      "p50": 25.19999999552965,
      "p95": 56.5,
      "p99": 77,
      "n": 187,
      "mean": 29.38930481281829,
      "max": 85.79999999701977
    },
    "api.goal.fetch": {
      "p50": 8.5,
      "p95": 8.5,
      "p99": 8.5,
      "n": 3,
      "mean": 12.533333331346512,
      "max": 20.69999999552965
    },
    "api.goal.gates.fetch": {
      "p50": 8.299999997019768,
      "p95": 21.5,
      "p99": 21.5,
      "n": 8,
      "mean": 14.099999998696148,
      "max": 38.899999998509884
    },
    "rapidnav.stall.ms": {
      "p50": 5.299999997019768,
      "p95": 10.400000005960464,
      "p99": 10.400000005960464,
      "n": 19,
      "mean": 5.131578947368421,
      "max": 11.800000004470348
    },
    "api.goal.agents.fetch": {
      "p50": 5,
      "p95": 8.700000002980232,
      "p99": 8.700000002980232,
      "n": 8,
      "mean": 6.987500001676381,
      "max": 20
    },
    "nav.click": {
      "p50": 1.6000000014901161,
      "p95": 2.2999999970197678,
      "p99": 2.8000000044703484,
      "n": 62,
      "mean": 1.6548387098216242,
      "max": 3
    },
    "reducer.rehydrate": {
      "p50": 0.5,
      "p95": 0.7999999970197678,
      "p99": 0.8000000044703484,
      "n": 39,
      "mean": 0.49743589758872986,
      "max": 1.0999999940395355
    }
  }
}