{
  "commit": "ea634d62dc3ba8ec8aa74a1c88b33e0f5abeee48",
  "parentCommit": "e9079a59ed659bd4e9699f5efecc47e033d37798",
  "branch": "goal-goal-profile-si-320532b0-coder-f49e71c0",
  "timestamp": "2026-05-14T09:59:25.938Z",
  "seededSessions": 32,
  "fixtureSize": "large",
  "msgsPerSession": 200,
  "perfFlags": "deferSyntaxHighlight",
  "tag": "opt-g-on-5",
  "kind": "experiment",
  "spans": {
    "nav.goal.cold": {
      "p50": 1768,
      "p95": 1768,
      "p99": 1768,
      "n": 1,
      "mean": 1768,
      "max": 1768
    },
    "nav.session.cold": {
      "p50": 318.20000000298023,
      "p95": 318.20000000298023,
      "p99": 318.20000000298023,
      "n": 1,
      "mean": 318.20000000298023,
      "max": 318.20000000298023
    },
    "rapidnav.keystroke.uncached": {
      "p50": 142.29999999701977,
      "p95": 207,
      "p99": 207,
      "n": 20,
      "mean": 141.29500000029802,
      "max": 250.39999999850988
    },
    "rapidnav.keystroke.cached": {
      "p50": 135.89999999850988,
      "p95": 163.69999999552965,
      "p99": 163.69999999552965,
      "n": 20,
      "mean": 131.97499999962747,
      "max": 166.5
    },
    "nav.session.ready": {
      "p50": 126,
      "p95": 182.5,
      "p99": 207,
      "n": 60,
      "mean": 123.42000000004967,
      "max": 250.39999999850988
    },
    "rapidnav.gap": {
      "p50": 64.19999999552965,
      "p95": 84.39999999850988,
      "p99": 84.39999999850988,
      "n": 18,
      "mean": 60.33888888979951,
      "max": 87.89999999850988
    },
    "api.session.fetch": {
      "p50": 52.600000001490116,
      "p95": 226,
      "p99": 231.89999999850988,
      "n": 129,
      "mean": 90.04883720962576,
      "max": 234.29999999701977
    },
    "ws.attach": {
      "p50": 47.19999999552965,
      "p95": 62.899999998509884,
      "p99": 85,
      "n": 51,
      "mean": 46.39999999997078,
      "max": 100.20000000298023
    },
    "nav.goal.ready": {
      "p50": 32.100000001490116,
      "p95": 32.100000001490116,
      "p99": 32.100000001490116,
      "n": 2,
      "mean": 61.650000002235174,
      "max": 91.20000000298023
    },
    "api.goal.fetch": {
      "p50": 29.700000002980232,
      "p95": 29.700000002980232,
      "p99": 29.700000002980232,
      "n": 3,
      "mean": 32.666666666666664,
      "max": 42.599999994039536
    },
    "api.goal.gates.fetch": {
      "p50": 26.30000000447035,
      "p95": 55.30000000447035,
      "p99": 55.30000000447035,
      "n": 8,
      "mean": 49.325000000186265,
      "max": 204.89999999850988
    },
    "paint.first": {
      "p50": 25.899999998509884,
      "p95": 60.399999998509884,
      "p99": 77.60000000149012,
      "n": 197,
      "mean": 30.71624365471644,
      "max": 90.79999999701977
    },
    "rapidnav.stall.ms": {
      "p50": 5.200000002980232,
      "p95": 55,
      "p99": 55,
      "n": 18,
      "mean": 14.400000001821253,
      "max": 70.10000000149012
    },
    "api.goal.agents.fetch": {
      "p50": 4.899999998509884,
      "p95": 29.69999999552965,
      "p99": 29.69999999552965,
      "n": 8,
      "mean": 13.237499999813735,
      "max": 41.5
    },
    "nav.click": {
      "p50": 2,
      "p95": 2.5,
      "p99": 3,
      "n": 62,
      "mean": 1.9483870958849308,
      "max": 3.3000000044703484
    },
    "reducer.rehydrate": {
      "p50": 0.3999999985098839,
      "p95": 0.7000000029802322,
      "p99": 0.8999999985098839,
      "n": 44,
      "mean": 0.47727272659540176,
      "max": 1.8999999985098839
    }
  }
}