{
  "commit": "f1699ac9e9f7ed895e1858ad29f9be7dc6af8065",
  "parentCommit": "cd1fceb9bc45db9e007e49aced097835eb48c63b",
  "branch": "goal-goal-profile-si-320532b0-coder-f24f3fcd",
  "timestamp": "2026-05-14T07:06:16.311Z",
  "seededSessions": 32,
  "fixtureSize": "large",
  "msgsPerSession": 200,
  "spans": {
    "nav.goal.cold": {
      "p50": 1890.1000000014901,
      "p95": 1890.1000000014901,
      "p99": 1890.1000000014901,
      "n": 1,
      "mean": 1890.1000000014901,
      "max": 1890.1000000014901
    },
    "nav.session.cold": {
      "p50": 562.1000000014901,
      "p95": 562.1000000014901,
      "p99": 562.1000000014901,
      "n": 1,
      "mean": 562.1000000014901,
      "max": 562.1000000014901
    },
    "rapidnav.keystroke.cached": {
      "p50": 193.70000000298023,
      "p95": 307.19999999552965,
      "p99": 307.19999999552965,
      "n": 20,
      "mean": 208.145000000298,
      "max": 330.3999999985099
    },
    "nav.session.ready": {
      "p50": 177.5,
      "p95": 330.3999999985099,
      "p99": 371.69999999552965,
      "n": 60,
      "mean": 188.09666666698953,
      "max": 376.5
    },
    "rapidnav.keystroke.uncached": {
      "p50": 143.19999999552965,
      "p95": 319.6000000014901,
      "p99": 319.6000000014901,
      "n": 20,
      "mean": 181.10999999977648,
      "max": 371.69999999552965
    },
    "rapidnav.gap": {
      "p50": 114.5,
      "p95": 138.5,
      "p99": 138.5,
      "n": 12,
      "mean": 95.90833333258827,
      "max": 192.39999999850988
    },
    "api.session.fetch": {
      "p50": 87.60000000149012,
      "p95": 576.6000000014901,
      "p99": 581.2000000029802,
      "n": 130,
      "mean": 163.26153846193964,
      "max": 581.6000000014901
    },
    "ws.attach": {
      "p50": 71.5,
      "p95": 99.60000000149012,
      "p99": 145.20000000298023,
      "n": 51,
      "mean": 73.83725490158095,
      "max": 204.39999999850988
    },
    "nav.goal.ready": {
      "p50": 58.29999999701977,
      "p95": 58.29999999701977,
      "p99": 58.29999999701977,
      "n": 2,
      "mean": 98.44999999925494,
      "max": 138.60000000149012
    },
    "paint.first": {
      "p50": 34.600000001490116,
      "p95": 112.69999999552965,
      "p99": 181.59999999403954,
      "n": 207,
      "mean": 43.21545893698931,
      "max": 252.69999999552965
    },
    "api.goal.gates.fetch": {
      "p50": 25.399999998509884,
      "p95": 46,
      "p99": 46,
      "n": 9,
      "mean": 27.455555555721123,
      "max": 53.100000001490116
    },
    "api.goal.fetch": {
      "p50": 25.399999998509884,
      "p95": 25.399999998509884,
      "p99": 25.399999998509884,
      "n": 3,
      "mean": 30.266666665673256,
      "max": 42.20000000298023
    },
    "rapidnav.stall.ms": {
      "p50": 8,
      "p95": 63.29999999701977,
      "p99": 72.59999999403954,
      "n": 24,
      "mean": 18.32916666629414,
      "max": 80.90000000596046
    },
    "api.goal.agents.fetch": {
      "p50": 5.799999997019768,
      "p95": 23.5,
      "p99": 23.5,
      "n": 8,
      "mean": 14.349999999627471,
      "max": 41.399999998509884
    },
    "nav.click": {
      "p50": 3.899999998509884,
      "p95": 5.899999998509884,
      "p99": 6.300000004470348,
      "n": 62,
      "mean": 3.6064516134079425,
      "max": 7.399999998509884
    },
    "reducer.rehydrate": {
      "p50": 0.5,
      "p95": 0.8000000044703484,
      "p99": 1.1000000014901161,
      "n": 36,
      "mean": 0.6444444445272287,
      "max": 3.399999998509884
    }
  },
  "kind": "experiment",
  "experimentTag": "opt-a",
  "experimentCondition": "off"
}
