{
  "commit": "f1699ac9e9f7ed895e1858ad29f9be7dc6af8065",
  "parentCommit": "cd1fceb9bc45db9e007e49aced097835eb48c63b",
  "branch": "goal-goal-profile-si-320532b0-coder-f24f3fcd",
  "timestamp": "2026-05-14T06:53:03.034Z",
  "seededSessions": 32,
  "fixtureSize": "large",
  "msgsPerSession": 200,
  "spans": {
    "nav.goal.cold": {
      "p50": 1804.9000000059605,
      "p95": 1804.9000000059605,
      "p99": 1804.9000000059605,
      "n": 1,
      "mean": 1804.9000000059605,
      "max": 1804.9000000059605
    },
    "nav.session.cold": {
      "p50": 484.80000000447035,
      "p95": 484.80000000447035,
      "p99": 484.80000000447035,
      "n": 1,
      "mean": 484.80000000447035,
      "max": 484.80000000447035
    },
    "rapidnav.keystroke.uncached": {
      "p50": 178.90000000596046,
      "p95": 401.1000000014901,
      "p99": 401.1000000014901,
      "n": 20,
      "mean": 206.99500000067056,
      "max": 412.40000000596046
    },
    "rapidnav.keystroke.cached": {
      "p50": 173.39999999850988,
      "p95": 377.29999999701977,
      "p99": 377.29999999701977,
      "n": 20,
      "mean": 197.5550000000745,
      "max": 383.3999999985099
    },
    "nav.session.ready": {
      "p50": 171,
      "p95": 383.3999999985099,
      "p99": 401.1000000014901,
      "n": 60,
      "mean": 192.0950000004222,
      "max": 412.40000000596046
    },
    "rapidnav.gap": {
      "p50": 114.79999999701977,
      "p95": 180.20000000298023,
      "p99": 180.20000000298023,
      "n": 10,
      "mean": 111.2599999986589,
      "max": 216.79999999701977
    },
    "ws.attach": {
      "p50": 64.20000000298023,
      "p95": 87.5,
      "p99": 91.70000000298023,
      "n": 51,
      "mean": 64.71372549060513,
      "max": 105
    },
    "api.session.fetch": {
      "p50": 59.099999994039536,
      "p95": 98.79999999701977,
      "p99": 116.60000000149012,
      "n": 130,
      "mean": 63.18461538444345,
      "max": 121.29999999701977
    },
    "nav.goal.ready": {
      "p50": 36.100000001490116,
      "p95": 36.100000001490116,
      "p99": 36.100000001490116,
      "n": 2,
      "mean": 69.94999999925494,
      "max": 103.79999999701977
    },
    "paint.first": {
      "p50": 33.80000000447035,
      "p95": 126.70000000298023,
      "p99": 226.80000000447035,
      "n": 206,
      "mean": 45.50970873779174,
      "max": 270.5
    },
    "api.goal.fetch": {
      "p50": 28,
      "p95": 28,
      "p99": 28,
      "n": 3,
      "mean": 44.466666666169964,
      "max": 82.29999999701977
    },
    "api.goal.gates.fetch": {
      "p50": 24.69999999552965,
      "p95": 30.599999994039536,
      "p99": 30.599999994039536,
      "n": 9,
      "mean": 25.922222221891086,
      "max": 86.89999999850988
    },
    "rapidnav.stall.ms": {
      "p50": 7.799999997019768,
      "p95": 23.600000001490116,
      "p99": 28.600000001490116,
      "n": 26,
      "mean": 12.00000000028656,
      "max": 71.20000000298023
    },
    "api.goal.agents.fetch": {
      "p50": 5.800000004470348,
      "p95": 23.599999994039536,
      "p99": 23.599999994039536,
      "n": 8,
      "mean": 20.137500000186265,
      "max": 77.5
    },
    "nav.click": {
      "p50": 3.1999999955296516,
      "p95": 6,
      "p99": 6.5,
      "n": 62,
      "mean": 3.3161290322820984,
      "max": 6.899999998509884
    },
    "reducer.rehydrate": {
      "p50": 0.5,
      "p95": 0.8000000044703484,
      "p99": 1,
      "n": 35,
      "mean": 0.5599999998297011,
      "max": 1
    }
  },
  "kind": "experiment",
  "experimentTag": "opt-a",
  "experimentCondition": "off"
}
