{
  "commit": "f1699ac9e9f7ed895e1858ad29f9be7dc6af8065",
  "parentCommit": "cd1fceb9bc45db9e007e49aced097835eb48c63b",
  "branch": "goal-goal-profile-si-320532b0-coder-f24f3fcd",
  "timestamp": "2026-05-14T07:03:01.820Z",
  "seededSessions": 32,
  "fixtureSize": "large",
  "msgsPerSession": 200,
  "spans": {
    "nav.goal.cold": {
      "p50": 1792.6000000014901,
      "p95": 1792.6000000014901,
      "p99": 1792.6000000014901,
      "n": 1,
      "mean": 1792.6000000014901,
      "max": 1792.6000000014901
    },
    "nav.session.cold": {
      "p50": 436.1000000014901,
      "p95": 436.1000000014901,
      "p99": 436.1000000014901,
      "n": 1,
      "mean": 436.1000000014901,
      "max": 436.1000000014901
    },
    "rapidnav.keystroke.cached": {
      "p50": 211,
      "p95": 288.20000000298023,
      "p99": 288.20000000298023,
      "n": 20,
      "mean": 205.9300000000745,
      "max": 364.70000000298023
    },
    "nav.session.ready": {
      "p50": 166,
      "p95": 295.90000000596046,
      "p99": 352.6000000014901,
      "n": 60,
      "mean": 180.65333333301047,
      "max": 364.70000000298023
    },
    "rapidnav.keystroke.uncached": {
      "p50": 164.60000000149012,
      "p95": 300.5,
      "p99": 300.5,
      "n": 20,
      "mean": 195,
      "max": 352.6000000014901
    },
    "api.session.fetch": {
      "p50": 77.89999999850988,
      "p95": 299.1000000014901,
      "p99": 309.29999999701977,
      "n": 130,
      "mean": 121.20538461540754,
      "max": 315.59999999403954
    },
    "rapidnav.gap": {
      "p50": 74.5,
      "p95": 164.70000000298023,
      "p99": 164.70000000298023,
      "n": 13,
      "mean": 69.05384615292915,
      "max": 165.39999999850988
    },
    "ws.attach": {
      "p50": 64.89999999850988,
      "p95": 90,
      "p99": 99.5,
      "n": 51,
      "mean": 64.43137254858134,
      "max": 99.60000000149012
    },
    "api.goal.fetch": {
      "p50": 46.399999998509884,
      "p95": 46.399999998509884,
      "p99": 46.399999998509884,
      "n": 3,
      "mean": 50.966666666169964,
      "max": 87
    },
    "nav.goal.ready": {
      "p50": 38,
      "p95": 38,
      "p99": 38,
      "n": 2,
      "mean": 76.65000000223517,
      "max": 115.30000000447035
    },
    "paint.first": {
      "p50": 32.80000000447035,
      "p95": 113.5,
      "p99": 164.5,
      "n": 205,
      "mean": 43.038048780618645,
      "max": 237.5
    },
    "api.goal.gates.fetch": {
      "p50": 21.80000000447035,
      "p95": 50.80000000447035,
      "p99": 50.80000000447035,
      "n": 9,
      "mean": 29.966666667825645,
      "max": 86.69999999552965
    },
    "api.goal.agents.fetch": {
      "p50": 13.100000001490116,
      "p95": 56.5,
      "p99": 56.5,
      "n": 8,
      "mean": 29.674999999813735,
      "max": 87
    },
    "rapidnav.stall.ms": {
      "p50": 6.100000001490116,
      "p95": 70.80000000447035,
      "p99": 90.79999999701977,
      "n": 23,
      "mean": 21.469565217261728,
      "max": 125.39999999850988
    },
    "nav.click": {
      "p50": 3.2999999970197678,
      "p95": 5.199999995529652,
      "p99": 5.699999995529652,
      "n": 62,
      "mean": 3.3435483868083646,
      "max": 6.9000000059604645
    },
    "reducer.rehydrate": {
      "p50": 0.5,
      "p95": 0.8000000044703484,
      "p99": 1,
      "n": 44,
      "mean": 0.5204545450820164,
      "max": 1.1000000014901161
    }
  },
  "kind": "experiment",
  "experimentTag": "opt-a",
  "experimentCondition": "off"
}
