{
  "commit": "f1699ac9e9f7ed895e1858ad29f9be7dc6af8065",
  "parentCommit": "cd1fceb9bc45db9e007e49aced097835eb48c63b",
  "branch": "goal-goal-profile-si-320532b0-coder-f24f3fcd",
  "timestamp": "2026-05-14T06:58:15.220Z",
  "seededSessions": 32,
  "fixtureSize": "large",
  "msgsPerSession": 200,
  "spans": {
    "nav.goal.cold": {
      "p50": 1962.9000000059605,
      "p95": 1962.9000000059605,
      "p99": 1962.9000000059605,
      "n": 1,
      "mean": 1962.9000000059605,
      "max": 1962.9000000059605
    },
    "nav.session.cold": {
      "p50": 514.5,
      "p95": 514.5,
      "p99": 514.5,
      "n": 1,
      "mean": 514.5,
      "max": 514.5
    },
    "rapidnav.keystroke.cached": {
      "p50": 192.20000000298023,
      "p95": 267.6000000014901,
      "p99": 267.6000000014901,
      "n": 20,
      "mean": 194.30000000037253,
      "max": 334.1000000014901
    },
    "nav.session.ready": {
      "p50": 167.89999999850988,
      "p95": 256.6000000014901,
      "p99": 267.6000000014901,
      "n": 60,
      "mean": 170.49833333355684,
      "max": 334.1000000014901
    },
    "rapidnav.keystroke.uncached": {
      "p50": 167.10000000149012,
      "p95": 237.79999999701977,
      "p99": 237.79999999701977,
      "n": 20,
      "mean": 177.30500000044702,
      "max": 253.19999999552965
    },
    "api.session.fetch": {
      "p50": 81.69999999552965,
      "p95": 95.60000000149012,
      "p99": 101.69999999552965,
      "n": 130,
      "mean": 79.42846153836985,
      "max": 115.5
    },
    "ws.attach": {
      "p50": 69.20000000298023,
      "p95": 90.10000000149012,
      "p99": 99.10000000149012,
      "n": 51,
      "mean": 68.17843137301651,
      "max": 105
    },
    "api.goal.fetch": {
      "p50": 55.900000005960464,
      "p95": 55.900000005960464,
      "p99": 55.900000005960464,
      "n": 3,
      "mean": 51.3666666696469,
      "max": 68.30000000447035
    },
    "rapidnav.gap": {
      "p50": 41.69999999552965,
      "p95": 95.5,
      "p99": 95.5,
      "n": 12,
      "mean": 52.299999998261534,
      "max": 113.79999999701977
    },
    "nav.goal.ready": {
      "p50": 40.19999999552965,
      "p95": 40.19999999552965,
      "p99": 40.19999999552965,
      "n": 2,
      "mean": 119.79999999701977,
      "max": 199.39999999850988
    },
    "paint.first": {
      "p50": 34.20000000298023,
      "p95": 80,
      "p99": 88.80000000447035,
      "n": 211,
      "mean": 39.854502369760056,
      "max": 160.89999999850988
    },
    "api.goal.gates.fetch": {
      "p50": 32.600000001490116,
      "p95": 56.5,
      "p99": 56.5,
      "n": 9,
      "mean": 34.511111111276676,
      "max": 72.70000000298023
    },
    "rapidnav.stall.ms": {
      "p50": 10.300000004470348,
      "p95": 35,
      "p99": 106,
      "n": 24,
      "mean": 19.92916666654249,
      "max": 108.20000000298023
    },
    "api.goal.agents.fetch": {
      "p50": 7.600000001490116,
      "p95": 56.5,
      "p99": 56.5,
      "n": 8,
      "mean": 26.28749999962747,
      "max": 67.89999999850988
    },
    "nav.click": {
      "p50": 2.600000001490116,
      "p95": 3.7000000029802322,
      "p99": 3.7999999970197678,
      "n": 62,
      "mean": 2.6112903223162696,
      "max": 4.199999995529652
    },
    "reducer.rehydrate": {
      "p50": 0.5,
      "p95": 1,
      "p99": 1.7000000029802322,
      "n": 38,
      "mean": 0.6631578948152693,
      "max": 2.7999999970197678
    }
  }
}