{
  "commit": "f1699ac9e9f7ed895e1858ad29f9be7dc6af8065",
  "parentCommit": "cd1fceb9bc45db9e007e49aced097835eb48c63b",
  "branch": "goal-goal-profile-si-320532b0-coder-f24f3fcd",
  "timestamp": "2026-05-14T06:54:52.024Z",
  "seededSessions": 32,
  "fixtureSize": "large",
  "msgsPerSession": 200,
  "spans": {
    "nav.goal.cold": {
      "p50": 1974.3000000044703,
      "p95": 1974.3000000044703,
      "p99": 1974.3000000044703,
      "n": 1,
      "mean": 1974.3000000044703,
      "max": 1974.3000000044703
    },
    "nav.session.cold": {
      "p50": 528.2999999970198,
      "p95": 528.2999999970198,
      "p99": 528.2999999970198,
      "n": 1,
      "mean": 528.2999999970198,
      "max": 528.2999999970198
    },
    "rapidnav.keystroke.uncached": {
      "p50": 189,
      "p95": 217.80000000447035,
      "p99": 217.80000000447035,
      "n": 20,
      "mean": 174.14000000096857,
      "max": 263.90000000596046
    },
    "rapidnav.keystroke.cached": {
      "p50": 175,
      "p95": 217.90000000596046,
      "p99": 217.90000000596046,
      "n": 20,
      "mean": 168.80500000044702,
      "max": 290.1000000014901
    },
    "nav.session.ready": {
      "p50": 173.60000000149012,
      "p95": 263.90000000596046,
      "p99": 290.1000000014901,
      "n": 60,
      "mean": 162.4933333337307,
      "max": 322.6000000014901
    },
    "api.session.fetch": {
      "p50": 70.70000000298023,
      "p95": 125.79999999701977,
      "p99": 144.89999999850988,
      "n": 130,
      "mean": 77.14307692326032,
      "max": 205.70000000298023
    },
    "ws.attach": {
      "p50": 66.89999999850988,
      "p95": 89.29999999701977,
      "p99": 98.20000000298023,
      "n": 51,
      "mean": 66.50000000043826,
      "max": 138.70000000298023
    },
    "rapidnav.gap": {
      "p50": 62.5,
      "p95": 87.29999999701977,
      "p99": 87.29999999701977,
      "n": 15,
      "mean": 56.266666666666666,
      "max": 93.80000000447035
    },
    "api.goal.fetch": {
      "p50": 52.70000000298023,
      "p95": 52.70000000298023,
      "p99": 52.70000000298023,
      "n": 3,
      "mean": 64.49999999751647,
      "max": 120.69999999552965
    },
    "paint.first": {
      "p50": 34.399999998509884,
      "p95": 76.90000000596046,
      "p99": 93.60000000149012,
      "n": 192,
      "mean": 39.20781249991463,
      "max": 139.39999999850988
    },
    "api.goal.gates.fetch": {
      "p50": 22.69999999552965,
      "p95": 79.29999999701977,
      "p99": 79.29999999701977,
      "n": 9,
      "mean": 37.43333333233992,
      "max": 100.29999999701977
    },
    "nav.goal.ready": {
      "p50": 21.100000001490116,
      "p95": 21.100000001490116,
      "p99": 21.100000001490116,
      "n": 2,
      "mean": 69.55000000074506,
      "max": 118
    },
    "rapidnav.stall.ms": {
      "p50": 12.700000002980232,
      "p95": 67,
      "p99": 67,
      "n": 21,
      "mean": 19.099999999716168,
      "max": 89.5
    },
    "api.goal.agents.fetch": {
      "p50": 6.299999997019768,
      "p95": 52.80000000447035,
      "p99": 52.80000000447035,
      "n": 8,
      "mean": 29.112500000745058,
      "max": 121
    },
    "nav.click": {
      "p50": 2.3000000044703484,
      "p95": 3.600000001490116,
      "p99": 4.5999999940395355,
      "n": 62,
      "mean": 2.446774194077138,
      "max": 5.9000000059604645
    },
    "reducer.rehydrate": {
      "p50": 0.5,
      "p95": 0.8999999985098839,
      "p99": 1.3999999985098839,
      "n": 41,
      "mean": 0.5634146343644072,
      "max": 1.7000000029802322
    }
  },
  "kind": "experiment",
  "experimentTag": "opt-a",
  "experimentCondition": "on"
}
