{
  "commit": "f1699ac9e9f7ed895e1858ad29f9be7dc6af8065",
  "parentCommit": "cd1fceb9bc45db9e007e49aced097835eb48c63b",
  "branch": "goal-goal-profile-si-320532b0-coder-f24f3fcd",
  "timestamp": "2026-05-14T07:04:36.789Z",
  "seededSessions": 32,
  "fixtureSize": "large",
  "msgsPerSession": 200,
  "spans": {
    "nav.goal.cold": {
      "p50": 1821.3999999985099,
      "p95": 1821.3999999985099,
      "p99": 1821.3999999985099,
      "n": 1,
      "mean": 1821.3999999985099,
      "max": 1821.3999999985099
    },
    "nav.session.cold": {
      "p50": 430.5,
      "p95": 430.5,
      "p99": 430.5,
      "n": 1,
      "mean": 430.5,
      "max": 430.5
    },
    "rapidnav.keystroke.cached": {
      "p50": 170,
      "p95": 235.39999999850988,
      "p99": 235.39999999850988,
      "n": 20,
      "mean": 177.9300000000745,
      "max": 251.20000000298023
    },
    "nav.session.ready": {
      "p50": 152.89999999850988,
      "p95": 235.39999999850988,
      "p99": 282.29999999701977,
      "n": 60,
      "mean": 157.7466666664928,
      "max": 297.1000000014901
    },
    "rapidnav.keystroke.uncached": {
      "p50": 152.79999999701977,
      "p95": 234.70000000298023,
      "p99": 234.70000000298023,
      "n": 20,
      "mean": 171.2050000000745,
      "max": 297.1000000014901
    },
    "api.session.fetch": {
      "p50": 66.20000000298023,
      "p95": 313.70000000298023,
      "p99": 321.90000000596046,
      "n": 130,
      "mean": 112.55076923106725,
      "max": 330.1000000014901
    },
    "ws.attach": {
      "p50": 60.69999999552965,
      "p95": 93.10000000149012,
      "p99": 95.29999999701977,
      "n": 51,
      "mean": 64.25294117629528,
      "max": 146.5
    },
    "api.goal.fetch": {
      "p50": 39.5,
      "p95": 39.5,
      "p99": 39.5,
      "n": 3,
      "mean": 53.466666666169964,
      "max": 98.89999999850988
    },
    "nav.goal.ready": {
      "p50": 35.100000001490116,
      "p95": 35.100000001490116,
      "p99": 35.100000001490116,
      "n": 2,
      "mean": 75.94999999925494,
      "max": 116.79999999701977
    },
    "paint.first": {
      "p50": 32.899999998509884,
      "p95": 76.5,
      "p99": 97.5,
      "n": 199,
      "mean": 38.05527638164747,
      "max": 121.60000000149012
    },
    "rapidnav.gap": {
      "p50": 26.200000002980232,
      "p95": 88.5,
      "p99": 88.5,
      "n": 14,
      "mean": 39.12142857057707,
      "max": 100.59999999403954
    },
    "api.goal.gates.fetch": {
      "p50": 20.899999998509884,
      "p95": 40.100000001490116,
      "p99": 40.100000001490116,
      "n": 9,
      "mean": 30.51111111127668,
      "max": 98.30000000447035
    },
    "rapidnav.stall.ms": {
      "p50": 6.9000000059604645,
      "p95": 20.5,
      "p99": 25.299999997019768,
      "n": 22,
      "mean": 11.018181816759435,
      "max": 62.29999999701977
    },
    "api.goal.agents.fetch": {
      "p50": 5.899999998509884,
      "p95": 39.5,
      "p99": 39.5,
      "n": 8,
      "mean": 23.33750000130385,
      "max": 98.80000000447035
    },
    "nav.click": {
      "p50": 2.5,
      "p95": 3.5,
      "p99": 5,
      "n": 62,
      "mean": 2.5048387102302043,
      "max": 5.299999997019768
    },
    "reducer.rehydrate": {
      "p50": 0.5,
      "p95": 0.8999999985098839,
      "p99": 0.9000000059604645,
      "n": 41,
      "mean": 0.5585365849660664,
      "max": 1
    }
  },
  "kind": "experiment",
  "experimentTag": "opt-a",
  "experimentCondition": "on"
}
