{
  "commit": "f1699ac9e9f7ed895e1858ad29f9be7dc6af8065",
  "parentCommit": "cd1fceb9bc45db9e007e49aced097835eb48c63b",
  "branch": "goal-goal-profile-si-320532b0-coder-f24f3fcd",
  "timestamp": "2026-05-14T06:59:53.718Z",
  "seededSessions": 32,
  "fixtureSize": "large",
  "msgsPerSession": 200,
  "spans": {
    "nav.goal.cold": {
      "p50": 1836.2999999970198,
      "p95": 1836.2999999970198,
      "p99": 1836.2999999970198,
      "n": 1,
      "mean": 1836.2999999970198,
      "max": 1836.2999999970198
    },
    "nav.session.cold": {
      "p50": 392.5,
      "p95": 392.5,
      "p99": 392.5,
      "n": 1,
      "mean": 392.5,
      "max": 392.5
    },
    "rapidnav.keystroke.uncached": {
      "p50": 171.40000000596046,
      "p95": 277.8999999985099,
      "p99": 277.8999999985099,
      "n": 20,
      "mean": 181.0699999999255,
      "max": 282.3999999985099
    },
    "nav.session.ready": {
      "p50": 155,
      "p95": 289,
      "p99": 320.30000000447035,
      "n": 60,
      "mean": 161.5650000002235,
      "max": 353.20000000298023
    },
    "rapidnav.keystroke.cached": {
      "p50": 132.80000000447035,
      "p95": 320.30000000447035,
      "p99": 320.30000000447035,
      "n": 20,
      "mean": 163.99500000029803,
      "max": 353.20000000298023
    },
    "rapidnav.gap": {
      "p50": 105.60000000149012,
      "p95": 145.29999999701977,
      "p99": 145.29999999701977,
      "n": 11,
      "mean": 107.71818181872368,
      "max": 212.60000000149012
    },
    "api.session.fetch": {
      "p50": 66.60000000149012,
      "p95": 303.29999999701977,
      "p99": 316.40000000596046,
      "n": 130,
      "mean": 112.03692307707209,
      "max": 319.3999999985099
    },
    "ws.attach": {
      "p50": 57,
      "p95": 82.89999999850988,
      "p99": 89.39999999850988,
      "n": 51,
      "mean": 58.39019607854824,
      "max": 121.10000000149012
    },
    "api.goal.fetch": {
      "p50": 56.599999994039536,
      "p95": 56.599999994039536,
      "p99": 56.599999994039536,
      "n": 3,
      "mean": 48.999999997516476,
      "max": 62.399999998509884
    },
    "nav.goal.ready": {
      "p50": 30.599999994039536,
      "p95": 30.599999994039536,
      "p99": 30.599999994039536,
      "n": 2,
      "mean": 79.44999999925494,
      "max": 128.30000000447035
    },
    "paint.first": {
      "p50": 28.600000001490116,
      "p95": 111.5,
      "p99": 167.20000000298023,
      "n": 201,
      "mean": 39.80298507484186,
      "max": 206.70000000298023
    },
    "api.goal.gates.fetch": {
      "p50": 27.899999998509884,
      "p95": 57.20000000298023,
      "p99": 57.20000000298023,
      "n": 9,
      "mean": 36.70000000049671,
      "max": 64.89999999850988
    },
    "api.goal.agents.fetch": {
      "p50": 10.399999998509884,
      "p95": 55.399999998509884,
      "p99": 55.399999998509884,
      "n": 8,
      "mean": 23.100000000558794,
      "max": 62
    },
    "rapidnav.stall.ms": {
      "p50": 4.899999998509884,
      "p95": 21.299999997019768,
      "p99": 26,
      "n": 25,
      "mean": 8.43199999988079,
      "max": 56.600000001490116
    },
    "nav.click": {
      "p50": 3.0999999940395355,
      "p95": 5.100000001490116,
      "p99": 5.5,
      "n": 62,
      "mean": 3.0919354841593774,
      "max": 5.600000001490116
    },
    "reducer.rehydrate": {
      "p50": 0.5,
      "p95": 0.7999999970197678,
      "p99": 0.8999999985098839,
      "n": 38,
      "mean": 0.5342105258452264,
      "max": 2.399999998509884
    }
  },
  "kind": "experiment",
  "experimentTag": "opt-a",
  "experimentCondition": "off"
}
