{
  "commit": "f1699ac9e9f7ed895e1858ad29f9be7dc6af8065",
  "parentCommit": "cd1fceb9bc45db9e007e49aced097835eb48c63b",
  "branch": "goal-goal-profile-si-320532b0-coder-f24f3fcd",
  "timestamp": "2026-05-14T07:01:26.274Z",
  "seededSessions": 32,
  "fixtureSize": "large",
  "msgsPerSession": 200,
  "spans": {
    "nav.goal.cold": {
      "p50": 1822.8000000044703,
      "p95": 1822.8000000044703,
      "p99": 1822.8000000044703,
      "n": 1,
      "mean": 1822.8000000044703,
      "max": 1822.8000000044703
    },
    "nav.session.cold": {
      "p50": 386.70000000298023,
      "p95": 386.70000000298023,
      "p99": 386.70000000298023,
      "n": 1,
      "mean": 386.70000000298023,
      "max": 386.70000000298023
    },
    "rapidnav.keystroke.uncached": {
      "p50": 166.29999999701977,
      "p95": 196.39999999850988,
      "p99": 196.39999999850988,
      "n": 20,
      "mean": 159.74499999955296,
      "max": 216.60000000149012
    },
    "rapidnav.keystroke.cached": {
      "p50": 163.69999999552965,
      "p95": 212.5,
      "p99": 212.5,
      "n": 20,
      "mean": 162.3949999999255,
      "max": 235.79999999701977
    },
    "nav.session.ready": {
      "p50": 163.20000000298023,
      "p95": 209.89999999850988,
      "p99": 216.60000000149012,
      "n": 60,
      "mean": 146.0049999995778,
      "max": 235.79999999701977
    },
    "api.session.fetch": {
      "p50": 76.29999999701977,
      "p95": 307.6000000014901,
      "p99": 315.6000000014901,
      "n": 130,
      "mean": 121.86769230795595,
      "max": 318.70000000298023
    },
    "ws.attach": {
      "p50": 61.399999998509884,
      "p95": 82.80000000447035,
      "p99": 84.20000000298023,
      "n": 51,
      "mean": 57.437254902194525,
      "max": 87.70000000298023
    },
    "rapidnav.gap": {
      "p50": 55.30000000447035,
      "p95": 89.89999999850988,
      "p99": 89.89999999850988,
      "n": 17,
      "mean": 50.07647058849825,
      "max": 91.20000000298023
    },
    "paint.first": {
      "p50": 30.799999997019768,
      "p95": 68.30000000447035,
      "p99": 82.60000000149012,
      "n": 202,
      "mean": 34.7965346533842,
      "max": 91.69999999552965
    },
    "nav.goal.ready": {
      "p50": 30.299999997019768,
      "p95": 30.299999997019768,
      "p99": 30.299999997019768,
      "n": 2,
      "mean": 77.04999999701977,
      "max": 123.79999999701977
    },
    "api.goal.fetch": {
      "p50": 27.899999998509884,
      "p95": 27.899999998509884,
      "p99": 27.899999998509884,
      "n": 3,
      "mean": 31.233333334326744,
      "max": 42.80000000447035
    },
    "api.goal.gates.fetch": {
      "p50": 27.5,
      "p95": 31,
      "p99": 31,
      "n": 9,
      "mean": 25.97777777744664,
      "max": 42.5
    },
    "rapidnav.stall.ms": {
      "p50": 6.5,
      "p95": 56.69999999552965,
      "p99": 56.69999999552965,
      "n": 19,
      "mean": 14.342105263157896,
      "max": 83.79999999701977
    },
    "api.goal.agents.fetch": {
      "p50": 6.4000000059604645,
      "p95": 28.100000001490116,
      "p99": 28.100000001490116,
      "n": 8,
      "mean": 17.350000000558794,
      "max": 43.19999999552965
    },
    "nav.click": {
      "p50": 2.2999999970197678,
      "p95": 3.0999999940395355,
      "p99": 3.2999999970197678,
      "n": 62,
      "mean": 2.2274193546224024,
      "max": 4.300000004470348
    },
    "reducer.rehydrate": {
      "p50": 0.5,
      "p95": 0.8999999985098839,
      "p99": 0.8999999985098839,
      "n": 42,
      "mean": 0.5833333333333334,
      "max": 2.100000001490116
    }
  },
  "kind": "experiment",
  "experimentTag": "opt-a",
  "experimentCondition": "on"
}
