{
  "commit": "f1699ac9e9f7ed895e1858ad29f9be7dc6af8065",
  "parentCommit": "cd1fceb9bc45db9e007e49aced097835eb48c63b",
  "branch": "goal-goal-profile-si-320532b0-coder-f24f3fcd",
  "timestamp": "2026-05-14T07:08:04.361Z",
  "seededSessions": 32,
  "fixtureSize": "large",
  "msgsPerSession": 200,
  "spans": {
    "nav.goal.cold": {
      "p50": 1834.3999999985099,
      "p95": 1834.3999999985099,
      "p99": 1834.3999999985099,
      "n": 1,
      "mean": 1834.3999999985099,
      "max": 1834.3999999985099
    },
    "nav.session.cold": {
      "p50": 451.70000000298023,
      "p95": 451.70000000298023,
      "p99": 451.70000000298023,
      "n": 1,
      "mean": 451.70000000298023,
      "max": 451.70000000298023
    },
    "rapidnav.keystroke.cached": {
      "p50": 169.30000000447035,
      "p95": 212.89999999850988,
      "p99": 212.89999999850988,
      "n": 20,
      "mean": 164.8550000000745,
      "max": 230.69999999552965
    },
    "rapidnav.keystroke.uncached": {
      "p50": 165.70000000298023,
      "p95": 209.89999999850988,
      "p99": 209.89999999850988,
      "n": 20,
      "mean": 165.64999999962748,
      "max": 222.20000000298023
    },
    "nav.session.ready": {
      "p50": 158,
      "p95": 212.89999999850988,
      "p99": 230.69999999552965,
      "n": 60,
      "mean": 150.2733333333085,
      "max": 299.70000000298023
    },
    "api.session.fetch": {
      "p50": 102.19999999552965,
      "p95": 317,
      "p99": 323.59999999403954,
      "n": 130,
      "mean": 131.9130769233864,
      "max": 326.90000000596046
    },
    "ws.attach": {
      "p50": 58.399999998509884,
      "p95": 72.89999999850988,
      "p99": 73.39999999850988,
      "n": 51,
      "mean": 57.12156862750942,
      "max": 80
    },
    "api.goal.fetch": {
      "p50": 43.79999999701977,
      "p95": 43.79999999701977,
      "p99": 43.79999999701977,
      "n": 3,
      "mean": 57.20000000049671,
      "max": 107.30000000447035
    },
    "rapidnav.gap": {
      "p50": 35,
      "p95": 79.60000000149012,
      "p99": 79.60000000149012,
      "n": 16,
      "mean": 40.78750000009313,
      "max": 90.80000000447035
    },
    "paint.first": {
      "p50": 29.600000001490116,
      "p95": 73.20000000298023,
      "p99": 88,
      "n": 206,
      "mean": 35.89320388335047,
      "max": 131.5
    },
    "nav.goal.ready": {
      "p50": 28.69999999552965,
      "p95": 28.69999999552965,
      "p99": 28.69999999552965,
      "n": 2,
      "mean": 76.59999999776483,
      "max": 124.5
    },
    "api.goal.gates.fetch": {
      "p50": 25.5,
      "p95": 43.5,
      "p99": 43.5,
      "n": 9,
      "mean": 32.74444444394774,
      "max": 108.80000000447035
    },
    "api.goal.agents.fetch": {
      "p50": 19.600000001490116,
      "p95": 44.20000000298023,
      "p99": 44.20000000298023,
      "n": 8,
      "mean": 32.75,
      "max": 104.89999999850988
    },
    "rapidnav.stall.ms": {
      "p50": 5.299999997019768,
      "p95": 74.10000000149012,
      "p99": 74.10000000149012,
      "n": 20,
      "mean": 20.554999999329446,
      "max": 75.59999999403954
    },
    "nav.click": {
      "p50": 2.2999999970197678,
      "p95": 3.2999999970197678,
      "p99": 3.7000000029802322,
      "n": 62,
      "mean": 2.2919354836546604,
      "max": 4.299999997019768
    },
    "reducer.rehydrate": {
      "p50": 0.5,
      "p95": 0.7000000029802322,
      "p99": 0.7999999970197678,
      "n": 43,
      "mean": 0.49302325536345326,
      "max": 0.9000000059604645
    }
  },
  "kind": "experiment",
  "experimentTag": "opt-a",
  "experimentCondition": "on"
}
