{
  "commit": "f1699ac9e9f7ed895e1858ad29f9be7dc6af8065",
  "parentCommit": "cd1fceb9bc45db9e007e49aced097835eb48c63b",
  "branch": "goal-goal-profile-si-320532b0-coder-f24f3fcd",
  "timestamp": "2026-05-14T06:56:34.332Z",
  "seededSessions": 32,
  "fixtureSize": "large",
  "msgsPerSession": 200,
  "spans": {
    "nav.goal.cold": {
      "p50": 1884.3999999985099,
      "p95": 1884.3999999985099,
      "p99": 1884.3999999985099,
      "n": 1,
      "mean": 1884.3999999985099,
      "max": 1884.3999999985099
    },
    "nav.session.cold": {
      "p50": 480,
      "p95": 480,
      "p99": 480,
      "n": 1,
      "mean": 480,
      "max": 480
    },
    "rapidnav.keystroke.uncached": {
      "p50": 179.29999999701977,
      "p95": 335.40000000596046,
      "p99": 335.40000000596046,
      "n": 20,
      "mean": 198.83000000044703,
      "max": 338.1000000014901
    },
    "rapidnav.keystroke.cached": {
      "p50": 168.60000000149012,
      "p95": 360.5,
      "p99": 360.5,
      "n": 20,
      "mean": 203.8150000002235,
      "max": 430.70000000298023
    },
    "nav.session.ready": {
      "p50": 157.59999999403954,
      "p95": 335.40000000596046,
      "p99": 360.5,
      "n": 60,
      "mean": 183.92166666698952,
      "max": 430.70000000298023
    },
    "rapidnav.gap": {
      "p50": 109.20000000298023,
      "p95": 162.29999999701977,
      "p99": 162.29999999701977,
      "n": 8,
      "mean": 97.74999999906868,
      "max": 165.69999999552965
    },
    "api.session.fetch": {
      "p50": 74.79999999701977,
      "p95": 88.60000000149012,
      "p99": 92.09999999403954,
      "n": 130,
      "mean": 73.15999999991976,
      "max": 94.40000000596046
    },
    "ws.attach": {
      "p50": 64.69999999552965,
      "p95": 81.79999999701977,
      "p99": 100.60000000149012,
      "n": 51,
      "mean": 66.24117647111416,
      "max": 108.69999999552965
    },
    "api.goal.fetch": {
      "p50": 36.400000005960464,
      "p95": 36.400000005960464,
      "p99": 36.400000005960464,
      "n": 3,
      "mean": 47.20000000298023,
      "max": 87.10000000149012
    },
    "paint.first": {
      "p50": 32.100000001490116,
      "p95": 120.79999999701977,
      "p99": 192.10000000149012,
      "n": 205,
      "mean": 42.928292683021326,
      "max": 257.8999999985099
    },
    "api.goal.gates.fetch": {
      "p50": 28.399999998509884,
      "p95": 41.70000000298023,
      "p99": 41.70000000298023,
      "n": 9,
      "mean": 31.51111111127668,
      "max": 85.70000000298023
    },
    "nav.goal.ready": {
      "p50": 26.700000002980232,
      "p95": 26.700000002980232,
      "p99": 26.700000002980232,
      "n": 2,
      "mean": 54.100000001490116,
      "max": 81.5
    },
    "api.goal.agents.fetch": {
      "p50": 12.300000004470348,
      "p95": 36.399999998509884,
      "p99": 36.399999998509884,
      "n": 8,
      "mean": 24.11250000167638,
      "max": 86.89999999850988
    },
    "rapidnav.stall.ms": {
      "p50": 5.299999997019768,
      "p95": 24.69999999552965,
      "p99": 35.5,
      "n": 28,
      "mean": 10.949999999521035,
      "max": 62
    },
    "nav.click": {
      "p50": 3.2999999970197678,
      "p95": 5.5,
      "p99": 5.600000001490116,
      "n": 62,
      "mean": 3.3032258064035447,
      "max": 6.5
    },
    "reducer.rehydrate": {
      "p50": 0.5,
      "p95": 1,
      "p99": 1,
      "n": 39,
      "mean": 0.5666666657496722,
      "max": 1.2000000029802322
    }
  }
}